code,name,type,parent_code,sort_order
01,Thành phố Hà Nội,MUNICIPALITY,,1
04,Cao Bằng,PROVINCE,,2
08,Tuyên Quang,PROVINCE,,3
11,Điện Biên,PROVINCE,,4
12,Lai Châu,PROVINCE,,5
14,Sơn La,PROVINCE,,6
15,Lào Cai,PROVINCE,,7
19,Thái Nguyên,PROVINCE,,8
20,Lạng Sơn,PROVINCE,,9
22,Quảng Ninh,PROVINCE,,10
24,Bắc Ninh,PROVINCE,,11
25,Phú Thọ,PROVINCE,,12
31,Thành phố Hải Phòng,MUNICIPALITY,,13
33,Hưng Yên,PROVINCE,,14
37,Ninh Bình,PROVINCE,,15
38,Thanh Hóa,PROVINCE,,16
40,Nghệ An,PROVINCE,,17
42,Hà Tĩnh,PROVINCE,,18
44,Quảng Trị,PROVINCE,,19
46,Thành phố Huế,MUNICIPALITY,,20
48,Thành phố Đà Nẵng,MUNICIPALITY,,21
51,Quảng Ngãi,PROVINCE,,22
52,Gia Lai,PROVINCE,,23
56,Khánh Hòa,PROVINCE,,24
66,Đắk Lắk,PROVINCE,,25
68,Lâm Đồng,PROVINCE,,26
75,Đồng Nai,PROVINCE,,27
79,Thành phố Hồ Chí Minh,MUNICIPALITY,,28
80,Tây Ninh,PROVINCE,,29
82,Đồng Tháp,PROVINCE,,30
86,Vĩnh Long,PROVINCE,,31
91,An Giang,PROVINCE,,32
92,Thành phố Cần Thơ,MUNICIPALITY,,33
96,Cà Mau,PROVINCE,,34
00070,Phường Hoàn Kiếm,WARD,01,1
00073,Phường Cửa Nam,WARD,01,2
00004,Phường Ba Đình,WARD,01,3
00008,Phường Ngọc Hà,WARD,01,4
00025,Phường Giảng Võ,WARD,01,5
00256,Phường Hai Bà Trưng,WARD,01,6
00283,Phường Vĩnh Tuy,WARD,01,7
00277,Phường Bạch Mai,WARD,01,8
00235,Phường Đống Đa,WARD,01,9
00226,Phường Kim Liên,WARD,01,10
00196,Phường Văn Miếu - Quốc Tử Giám,WARD,01,11
00187,Phường Láng,WARD,01,12
00190,Phường Ô Chợ Dừa,WARD,01,13
00097,Phường Hồng Hà,WARD,01,14
00328,Phường Lĩnh Nam,WARD,01,15
00319,Phường Hoàng Mai,WARD,01,16
00304,Phường Vĩnh Hưng,WARD,01,17
00313,Phường Tương Mai,WARD,01,18
00316,Phường Định Công,WARD,01,19
00337,Phường Hoàng Liệt,WARD,01,20
00331,Phường Yên Sở,WARD,01,21
00367,Phường Thanh Xuân,WARD,01,22
00364,Phường Khương Đình,WARD,01,23
00352,Phường Phương Liệt,WARD,01,24
00167,Phường Cầu Giấy,WARD,01,25
00160,Phường Nghĩa Đô,WARD,01,26
00175,Phường Yên Hòa,WARD,01,27
00103,Phường Tây Hồ,WARD,01,28
00091,Phường Phú Thượng,WARD,01,29
00613,Phường Tây Tựu,WARD,01,30
00619,Phường Phú Diễn,WARD,01,31
00611,Phường Xuân Đỉnh,WARD,01,32
00602,Phường Đông Ngạc,WARD,01,33
00598,Phường Thượng Cát,WARD,01,34
00592,Phường Từ Liêm,WARD,01,35
00622,Phường Xuân Phương,WARD,01,36
00634,Phường Tây Mỗ,WARD,01,37
00637,Phường Đại Mỗ,WARD,01,38
00148,Phường Long Biên,WARD,01,39
00130,Phường Bồ Đề,WARD,01,40
00127,Phường Việt Hưng,WARD,01,41
00136,Phường Phúc Lợi,WARD,01,42
09556,Phường Hà Đông,WARD,01,43
09886,Phường Dương Nội,WARD,01,44
09562,Phường Yên Nghĩa,WARD,01,45
09568,Phường Phú Lương,WARD,01,46
09552,Phường Kiến Hưng,WARD,01,47
00640,Xã Thanh Trì,COMMUNE,01,48
00664,Xã Đại Thanh,COMMUNE,01,49
00685,Xã Nam Phù,COMMUNE,01,50
00679,Xã Ngọc Hồi,COMMUNE,01,51
00646,Phường Thanh Liệt,WARD,01,52
10231,Xã Thượng Phúc,COMMUNE,01,53
10183,Xã Thường Tín,COMMUNE,01,54
10237,Xã Chương Dương,COMMUNE,01,55
10210,Xã Hồng Vân,COMMUNE,01,56
10273,Xã Phú Xuyên,COMMUNE,01,57
10279,Xã Phượng Dực,COMMUNE,01,58
10330,Xã Chuyên Mỹ,COMMUNE,01,59
10333,Xã Đại Xuyên,COMMUNE,01,60
10114,Xã Thanh Oai,COMMUNE,01,61
10141,Xã Bình Minh,COMMUNE,01,62
10144,Xã Tam Hưng,COMMUNE,01,63
10180,Xã Dân Hòa,COMMUNE,01,64
10354,Xã Vân Đình,COMMUNE,01,65
10369,Xã Ứng Thiên,COMMUNE,01,66
10417,Xã Hòa Xá,COMMUNE,01,67
10402,Xã Ứng Hòa,COMMUNE,01,68
10441,Xã Mỹ Đức,COMMUNE,01,69
10465,Xã Hồng Sơn,COMMUNE,01,70
10459,Xã Phúc Sơn,COMMUNE,01,71
10489,Xã Hương Sơn,COMMUNE,01,72
10015,Phường Chương Mỹ,WARD,01,73
10030,Xã Phú Nghĩa,COMMUNE,01,74
10018,Xã Xuân Mai,COMMUNE,01,75
10081,Xã Trần Phú,COMMUNE,01,76
10108,Xã Hòa Phú,COMMUNE,01,77
10084,Xã Quảng Bị,COMMUNE,01,78
09661,Xã Minh Châu,COMMUNE,01,79
09619,Xã Quảng Oai,COMMUNE,01,80
09664,Xã Vật Lại,COMMUNE,01,81
09634,Xã Cổ Đô,COMMUNE,01,82
09676,Xã Bất Bạt,COMMUNE,01,83
09694,Xã Suối Hai,COMMUNE,01,84
09700,Xã Ba Vì,COMMUNE,01,85
09706,Xã Yên Bài,COMMUNE,01,86
09574,Phường Sơn Tây,WARD,01,87
09604,Phường Tùng Thiện,WARD,01,88
09616,Xã Đoài Phương,COMMUNE,01,89
09715,Xã Phúc Thọ,COMMUNE,01,90
09739,Xã Phúc Lộc,COMMUNE,01,91
09772,Xã Hát Môn,COMMUNE,01,92
09955,Xã Thạch Thất,COMMUNE,01,93
10009,Xã Hạ Bằng,COMMUNE,01,94
10006,Xã Tây Phương,COMMUNE,01,95
09988,Xã Hòa Lạc,COMMUNE,01,96
04936,Xã Yên Xuân,COMMUNE,01,97
09895,Xã Quốc Oai,COMMUNE,01,98
09931,Xã Hưng Đạo,COMMUNE,01,99
09928,Xã Kiều Phú,COMMUNE,01,100
09922,Xã Phú Cát,COMMUNE,01,101
09832,Xã Hoài Đức,COMMUNE,01,102
09838,Xã Dương Hòa,COMMUNE,01,103
09859,Xã Sơn Đồng,COMMUNE,01,104
09877,Xã An Khánh,COMMUNE,01,105
09784,Xã Đan Phượng,COMMUNE,01,106
09817,Xã Ô Diên,COMMUNE,01,107
09793,Xã Liên Minh,COMMUNE,01,108
00565,Xã Gia Lâm,COMMUNE,01,109
00562,Xã Thuận An,COMMUNE,01,110
00583,Xã Bát Tràng,COMMUNE,01,111
00541,Xã Phù Đổng,COMMUNE,01,112
00484,Xã Thư Lâm,COMMUNE,01,113
00454,Xã Đông Anh,COMMUNE,01,114
00466,Xã Phúc Thịnh,COMMUNE,01,115
00493,Xã Thiên Lộc,COMMUNE,01,116
00508,Xã Vĩnh Thanh,COMMUNE,01,117
09022,Xã Mê Linh,COMMUNE,01,118
08980,Xã Yên Lãng,COMMUNE,01,119
08995,Xã Tiến Thắng,COMMUNE,01,120
08974,Xã Quang Minh,COMMUNE,01,121
00376,Xã Sóc Sơn,COMMUNE,01,122
00424,Xã Đa Phúc,COMMUNE,01,123
00433,Xã Nội Bài,COMMUNE,01,124
00385,Xã Trung Giã,COMMUNE,01,125
00382,Xã Kim Anh,COMMUNE,01,126
01273,Phường Thục Phán,WARD,04,127
01279,Phường Nùng Trí Cao,WARD,04,128
01288,Phường Tân Giang,WARD,04,129
01304,Xã Quảng Lâm,COMMUNE,04,130
01297,Xã Nam Quang,COMMUNE,04,131
01294,Xã Lý Bôn,COMMUNE,04,132
01290,Xã Bảo Lâm,COMMUNE,04,133
01318,Xã Yên Thổ,COMMUNE,04,134
01360,Xã Sơn Lộ,COMMUNE,04,135
01351,Xã Hưng Đạo,COMMUNE,04,136
01321,Xã Bảo Lạc,COMMUNE,04,137
01324,Xã Cốc Pàng,COMMUNE,04,138
01327,Xã Cô Ba,COMMUNE,04,139
01336,Xã Khánh Xuân,COMMUNE,04,140
01339,Xã Xuân Trường,COMMUNE,04,141
01354,Xã Huy Giáp,COMMUNE,04,142
01738,Xã Ca Thành,COMMUNE,04,143
01768,Xã Phan Thanh,COMMUNE,04,144
01777,Xã Thành Công,COMMUNE,04,145
01729,Xã Tĩnh Túc,COMMUNE,04,146
01774,Xã Tam Kim,COMMUNE,04,147
01726,Xã Nguyên Bình,COMMUNE,04,148
01747,Xã Minh Tâm,COMMUNE,04,149
01387,Xã Thanh Long,COMMUNE,04,150
01366,Xã Cần Yên,COMMUNE,04,151
01363,Xã Thông Nông,COMMUNE,04,152
01392,Xã Trường Hà,COMMUNE,04,153
01438,Xã Hà Quảng,COMMUNE,04,154
01393,Xã Lũng Nặm,COMMUNE,04,155
01414,Xã Tổng Cọt,COMMUNE,04,156
01660,Xã Nam Tuấn,COMMUNE,04,157
01654,Xã Hòa An,COMMUNE,04,158
01708,Xã Bạch Đằng,COMMUNE,04,159
01699,Xã Nguyễn Huệ,COMMUNE,04,160
01795,Xã Minh Khai,COMMUNE,04,161
01789,Xã Canh Tân,COMMUNE,04,162
01792,Xã Kim Đồng,COMMUNE,04,163
01807,Xã Thạch An,COMMUNE,04,164
01786,Xã Đông Khê,COMMUNE,04,165
01822,Xã Đức Long,COMMUNE,04,166
01648,Xã Phục Hòa,COMMUNE,04,167
01636,Xã Bế Văn Đàn,COMMUNE,04,168
01594,Xã Độc Lập,COMMUNE,04,169
01576,Xã Quảng Uyên,COMMUNE,04,170
01618,Xã Hạnh Phúc,COMMUNE,04,171
01456,Xã Quang Hán,COMMUNE,04,172
01447,Xã Trà Lĩnh,COMMUNE,04,173
01465,Xã Quang Trung,COMMUNE,04,174
01525,Xã Đoài Dương,COMMUNE,04,175
01477,Xã Trùng Khánh,COMMUNE,04,176
01501,Xã Đàm Thuỷ,COMMUNE,04,177
01489,Xã Đình Phong,COMMUNE,04,178
01558,Xã Lý Quốc,COMMUNE,04,179
01561,Xã Hạ Lang,COMMUNE,04,180
01537,Xã Vinh Quý,COMMUNE,04,181
01552,Xã Quang Long,COMMUNE,04,182
02269,Xã Thượng Lâm,COMMUNE,08,183
02266,Xã Lâm Bình,COMMUNE,08,184
02302,Xã Minh Quang,COMMUNE,08,185
02296,Xã Bình An,COMMUNE,08,186
02245,Xã Côn Lôn,COMMUNE,08,187
02248,Xã Yên Hoa,COMMUNE,08,188
02239,Xã Thượng Nông,COMMUNE,08,189
02260,Xã Hồng Thái,COMMUNE,08,190
02221,Xã Nà Hang,COMMUNE,08,191
02308,Xã Tân Mỹ,COMMUNE,08,192
02317,Xã Yên Lập,COMMUNE,08,193
02320,Xã Tân An,COMMUNE,08,194
02287,Xã Chiêm Hoá,COMMUNE,08,195
02353,Xã Hoà An,COMMUNE,08,196
02332,Xã Kiên Đài,COMMUNE,08,197
02359,Xã Tri Phú,COMMUNE,08,198
02350,Xã Kim Bình,COMMUNE,08,199
02365,Xã Yên Nguyên,COMMUNE,08,200
02305,Xã Trung Hà,COMMUNE,08,201
02398,Xã Yên Phú,COMMUNE,08,202
02380,Xã Bạch Xa,COMMUNE,08,203
02392,Xã Phù Lưu,COMMUNE,08,204
02374,Xã Hàm Yên,COMMUNE,08,205
02404,Xã Bình Xa,COMMUNE,08,206
02407,Xã Thái Sơn,COMMUNE,08,207
02419,Xã Thái Hoà,COMMUNE,08,208
02425,Xã Hùng Đức,COMMUNE,08,209
02455,Xã Hùng Lợi,COMMUNE,08,210
02458,Xã Trung Sơn,COMMUNE,08,211
02494,Xã Thái Bình,COMMUNE,08,212
02470,Xã Tân Long,COMMUNE,08,213
02449,Xã Xuân Vân,COMMUNE,08,214
02434,Xã Lực Hành,COMMUNE,08,215
02473,Xã Yên Sơn,COMMUNE,08,216
02530,Xã Nhữ Khê,COMMUNE,08,217
02437,Xã Kiến Thiết,COMMUNE,08,218
02545,Xã Tân Trào,COMMUNE,08,219
02554,Xã Minh Thanh,COMMUNE,08,220
02536,Xã Sơn Dương,COMMUNE,08,221
02548,Xã Bình Ca,COMMUNE,08,222
02578,Xã Tân Thanh,COMMUNE,08,223
02620,Xã Sơn Thuỷ,COMMUNE,08,224
02611,Xã Phú Lương,COMMUNE,08,225
02623,Xã Trường Sinh,COMMUNE,08,226
02608,Xã Hồng Sơn,COMMUNE,08,227
02572,Xã Đông Thọ,COMMUNE,08,228
02509,Phường Mỹ Lâm,WARD,08,229
02215,Phường Minh Xuân,WARD,08,230
02212,Phường Nông Tiến,WARD,08,231
02512,Phường An Tường,WARD,08,232
02524,Phường Bình Thuận,WARD,08,233
00715,Xã Lũng Cú,COMMUNE,08,234
00721,Xã Đồng Văn,COMMUNE,08,235
00733,Xã Sà Phìn,COMMUNE,08,236
00745,Xã Phố Bảng,COMMUNE,08,237
00763,Xã Lũng Phìn,COMMUNE,08,238
00787,Xã Sủng Máng,COMMUNE,08,239
00778,Xã Sơn Vĩ,COMMUNE,08,240
00769,Xã Mèo Vạc,COMMUNE,08,241
00802,Xã Khâu Vai,COMMUNE,08,242
00817,Xã Niêm Sơn,COMMUNE,08,243
00808,Xã Tát Ngà,COMMUNE,08,244
00829,Xã Thắng Mố,COMMUNE,08,245
00832,Xã Bạch Đích,COMMUNE,08,246
00820,Xã Yên Minh,COMMUNE,08,247
00847,Xã Mậu Duệ,COMMUNE,08,248
00859,Xã Ngọc Long,COMMUNE,08,249
00871,Xã Du Già,COMMUNE,08,250
00865,Xã Đường Thượng,COMMUNE,08,251
00901,Xã Lùng Tám,COMMUNE,08,252
00883,Xã Cán Tỷ,COMMUNE,08,253
00889,Xã Nghĩa Thuận,COMMUNE,08,254
00874,Xã Quản Bạ,COMMUNE,08,255
00892,Xã Tùng Vài,COMMUNE,08,256
01006,Xã Yên Cường,COMMUNE,08,257
01012,Xã Đường Hồng,COMMUNE,08,258
00991,Xã Bắc Mê,COMMUNE,08,259
00985,Xã Giáp Trung,COMMUNE,08,260
00982,Xã Minh Sơn,COMMUNE,08,261
00994,Xã Minh Ngọc,COMMUNE,08,262
00700,Xã Ngọc Đường,COMMUNE,08,263
00694,Phường Hà Giang 1,WARD,08,264
00691,Phường Hà Giang 2,WARD,08,265
00937,Xã Lao Chải,COMMUNE,08,266
00928,Xã Thanh Thuỷ,COMMUNE,08,267
00919,Xã Minh Tân,COMMUNE,08,268
00922,Xã Thuận Hoà,COMMUNE,08,269
00925,Xã Tùng Bá,COMMUNE,08,270
00706,Xã Phú Linh,COMMUNE,08,271
00970,Xã Linh Hồ,COMMUNE,08,272
00976,Xã Bạch Ngọc,COMMUNE,08,273
00913,Xã Vị Xuyên,COMMUNE,08,274
00967,Xã Việt Lâm,COMMUNE,08,275
00952,Xã Cao Bồ,COMMUNE,08,276
00958,Xã Thượng Sơn,COMMUNE,08,277
01171,Xã Tân Quang,COMMUNE,08,278
01165,Xã Đồng Tâm,COMMUNE,08,279
01192,Xã Liên Hiệp,COMMUNE,08,280
01180,Xã Bằng Hành,COMMUNE,08,281
01153,Xã Bắc Quang,COMMUNE,08,282
01201,Xã Hùng An,COMMUNE,08,283
01156,Xã Vĩnh Tuy,COMMUNE,08,284
01216,Xã Đồng Yên,COMMUNE,08,285
01261,Xã Tiên Yên,COMMUNE,08,286
01255,Xã Xuân Giang,COMMUNE,08,287
01246,Xã Bằng Lang,COMMUNE,08,288
01234,Xã Yên Thành,COMMUNE,08,289
01237,Xã Quang Bình,COMMUNE,08,290
01243,Xã Tân Trịnh,COMMUNE,08,291
01225,Xã Tiên Nguyên,COMMUNE,08,292
01090,Xã Thông Nguyên,COMMUNE,08,293
01084,Xã Hồ Thầu,COMMUNE,08,294
01075,Xã Nậm Dịch,COMMUNE,08,295
01051,Xã Tân Tiến,COMMUNE,08,296
01021,Xã Hoàng Su Phì,COMMUNE,08,297
01033,Xã Thàng Tín,COMMUNE,08,298
01024,Xã Bản Máy,COMMUNE,08,299
01057,Xã Pờ Ly Ngài,COMMUNE,08,300
01108,Xã Xín Mần,COMMUNE,08,301
01096,Xã Pà Vầy Sủ,COMMUNE,08,302
01141,Xã Nấm Dẩn,COMMUNE,08,303
01117,Xã Trung Thịnh,COMMUNE,08,304
01144,Xã Quảng Nguyên,COMMUNE,08,305
01147,Xã Khuôn Lùng,COMMUNE,08,306
03325,Xã Mường Phăng,COMMUNE,11,307
03127,Phường Điện Biên Phủ,WARD,11,308
03334,Phường Mường Thanh,WARD,11,309
03151,Phường Mường Lay,WARD,11,310
03328,Xã Thanh Nưa,COMMUNE,11,311
03352,Xã Thanh An,COMMUNE,11,312
03349,Xã Thanh Yên,COMMUNE,11,313
03356,Xã Sam Mứn,COMMUNE,11,314
03358,Xã Núa Ngam,COMMUNE,11,315
03368,Xã Mường Nhà,COMMUNE,11,316
03253,Xã Tuần Giáo,COMMUNE,11,317
03295,Xã Quài Tở,COMMUNE,11,318
03268,Xã Mường Mùn,COMMUNE,11,319
03260,Xã Pú Nhung,COMMUNE,11,320
03283,Xã Chiềng Sinh,COMMUNE,11,321
03217,Xã Tủa Chùa,COMMUNE,11,322
03226,Xã Sín Chải,COMMUNE,11,323
03241,Xã Sính Phình,COMMUNE,11,324
03220,Xã Tủa Thàng,COMMUNE,11,325
03244,Xã Sáng Nhè,COMMUNE,11,326
03172,Xã Na Sang,COMMUNE,11,327
03181,Xã Mường Tùng,COMMUNE,11,328
03193,Xã Pa Ham,COMMUNE,11,329
03194,Xã Nậm Nèn,COMMUNE,11,330
03202,Xã Mường Pồn,COMMUNE,11,331
03203,Xã Na Son,COMMUNE,11,332
03208,Xã Xa Dung,COMMUNE,11,333
03370,Xã Pu Nhi,COMMUNE,11,334
03214,Xã Mường Luân,COMMUNE,11,335
03385,Xã Tìa Dình,COMMUNE,11,336
03382,Xã Phình Giàng,COMMUNE,11,337
03166,Xã Mường Chà,COMMUNE,11,338
03169,Xã Nà Hỳ,COMMUNE,11,339
03176,Xã Nà Bủng,COMMUNE,11,340
03175,Xã Chà Tở,COMMUNE,11,341
03199,Xã Si Pa Phìn,COMMUNE,11,342
03160,Xã Mường Nhé,COMMUNE,11,343
03158,Xã Sín Thầu,COMMUNE,11,344
03163,Xã Mường Toong,COMMUNE,11,345
03162,Xã Nậm Kè,COMMUNE,11,346
03164,Xã Quảng Lâm,COMMUNE,11,347
03256,Xã Mường Ảng,COMMUNE,11,348
03316,Xã Nà Tấu,COMMUNE,11,349
03301,Xã Búng Lao,COMMUNE,11,350
03313,Xã Mường Lạn,COMMUNE,11,351
03637,Xã Mường Kim,COMMUNE,12,352
03640,Xã Khoen On,COMMUNE,12,353
03595,Xã Than Uyên,COMMUNE,12,354
03618,Xã Mường Than,COMMUNE,12,355
03616,Xã Pắc Ta,COMMUNE,12,356
03613,Xã Nậm Sỏ,COMMUNE,12,357
03598,Xã Tân Uyên,COMMUNE,12,358
03601,Xã Mường Khoa,COMMUNE,12,359
03424,Xã Bản Bo,COMMUNE,12,360
03390,Xã Bình Lư,COMMUNE,12,361
03405,Xã Tả Lèng,COMMUNE,12,362
03430,Xã Khun Há,COMMUNE,12,363
03408,Phường Tân Phong,WARD,12,364
03388,Phường Đoàn Kết,WARD,12,365
03394,Xã Sin Suối Hồ,COMMUNE,12,366
03549,Xã Phong Thổ,COMMUNE,12,367
03562,Xã Sì Lở Lầu,COMMUNE,12,368
03571,Xã Dào San,COMMUNE,12,369
03583,Xã Khổng Lào,COMMUNE,12,370
03529,Xã Tủa Sín Chải,COMMUNE,12,371
03478,Xã Sìn Hồ,COMMUNE,12,372
03508,Xã Hồng Thu,COMMUNE,12,373
03517,Xã Nậm Tăm,COMMUNE,12,374
03532,Xã Pu Sam Cáp,COMMUNE,12,375
03544,Xã Nậm Cuổi,COMMUNE,12,376
03538,Xã Nậm Mạ,COMMUNE,12,377
03487,Xã Lê Lợi,COMMUNE,12,378
03434,Xã Nậm Hàng,COMMUNE,12,379
03472,Xã Mường Mô,COMMUNE,12,380
03460,Xã Hua Bum,COMMUNE,12,381
03503,Xã Pa Tần,COMMUNE,12,382
03466,Xã Bum Nưa,COMMUNE,12,383
03433,Xã Bum Tở,COMMUNE,12,384
03445,Xã Mường Tè,COMMUNE,12,385
03439,Xã Thu Lũm,COMMUNE,12,386
03442,Xã Pa Ủ,COMMUNE,12,387
03463,Xã Tà Tổng,COMMUNE,12,388
03451,Xã Mù Cả,COMMUNE,12,389
03646,Phường Tô Hiệu,WARD,14,390
03667,Phường Chiềng An,WARD,14,391
03670,Phường Chiềng Cơi,WARD,14,392
03679,Phường Chiềng Sinh,WARD,14,393
03980,Phường Mộc Châu,WARD,14,394
03979,Phường Mộc Sơn,WARD,14,395
04033,Phường Vân Sơn,WARD,14,396
03982,Phường Thảo Nguyên,WARD,14,397
04000,Xã Đoàn Kết,COMMUNE,14,398
04045,Xã Lóng Sập,COMMUNE,14,399
03985,Xã Chiềng Sơn,COMMUNE,14,400
04048,Xã Vân Hồ,COMMUNE,14,401
04006,Xã Song Khủa,COMMUNE,14,402
04018,Xã Tô Múa,COMMUNE,14,403
04057,Xã Xuân Nha,COMMUNE,14,404
03703,Xã Quỳnh Nhai,COMMUNE,14,405
03688,Xã Mường Chiên,COMMUNE,14,406
03694,Xã Mường Giôn,COMMUNE,14,407
03712,Xã Mường Sại,COMMUNE,14,408
03721,Xã Thuận Châu,COMMUNE,14,409
03754,Xã Chiềng La,COMMUNE,14,410
03784,Xã Nậm Lầu,COMMUNE,14,411
03799,Xã Muổi Nọi,COMMUNE,14,412
03757,Xã Mường Khiêng,COMMUNE,14,413
03781,Xã Co Mạ,COMMUNE,14,414
03724,Xã Bình Thuận,COMMUNE,14,415
03727,Xã Mường É,COMMUNE,14,416
03763,Xã Long Hẹ,COMMUNE,14,417
03808,Xã Mường La,COMMUNE,14,418
03814,Xã Chiềng Lao,COMMUNE,14,419
03847,Xã Mường Bú,COMMUNE,14,420
03850,Xã Chiềng Hoa,COMMUNE,14,421
03856,Xã Bắc Yên,COMMUNE,14,422
03868,Xã Tà Xùa,COMMUNE,14,423
03880,Xã Tạ Khoa,COMMUNE,14,424
03862,Xã Xím Vàng,COMMUNE,14,425
03871,Xã Pắc Ngà,COMMUNE,14,426
03892,Xã Chiềng Sại,COMMUNE,14,427
03910,Xã Phù Yên,COMMUNE,14,428
03922,Xã Gia Phù,COMMUNE,14,429
03958,Xã Tường Hạ,COMMUNE,14,430
03907,Xã Mường Cơi,COMMUNE,14,431
03943,Xã Mường Bang,COMMUNE,14,432
03970,Xã Tân Phong,COMMUNE,14,433
03961,Xã Kim Bon,COMMUNE,14,434
04075,Xã Yên Châu,COMMUNE,14,435
04078,Xã Chiềng Hặc,COMMUNE,14,436
04096,Xã Lóng Phiêng,COMMUNE,14,437
04087,Xã Yên Sơn,COMMUNE,14,438
04132,Xã Chiềng Mai,COMMUNE,14,439
04105,Xã Mai Sơn,COMMUNE,14,440
04159,Xã Phiêng Pằn,COMMUNE,14,441
04123,Xã Chiềng Mung,COMMUNE,14,442
04144,Xã Phiêng Cằm,COMMUNE,14,443
04117,Xã Mường Chanh,COMMUNE,14,444
04136,Xã Tà Hộc,COMMUNE,14,445
04108,Xã Chiềng Sung,COMMUNE,14,446
04171,Xã Bó Sinh,COMMUNE,14,447
04222,Xã Chiềng Khương,COMMUNE,14,448
04219,Xã Mường Hung,COMMUNE,14,449
04204,Xã Chiềng Khoong,COMMUNE,14,450
04183,Xã Mường Lầm,COMMUNE,14,451
04186,Xã Nậm Ty,COMMUNE,14,452
04168,Xã Sông Mã,COMMUNE,14,453
04210,Xã Huổi Một,COMMUNE,14,454
04195,Xã Chiềng Sơ,COMMUNE,14,455
04231,Xã Sốp Cộp,COMMUNE,14,456
04228,Xã Púng Bánh,COMMUNE,14,457
03997,Xã Tân Yên,COMMUNE,14,458
03760,Xã Mường Bám,COMMUNE,14,459
03820,Xã Ngọc Chiến,COMMUNE,14,460
03901,Xã Suối Tọ,COMMUNE,14,461
04099,Xã Phiêng Khoài,COMMUNE,14,462
04246,Xã Mường Lạn,COMMUNE,14,463
04240,Xã Mường Lèo,COMMUNE,14,464
04465,Xã Khao Mang,COMMUNE,15,465
04456,Xã Mù Cang Chải,COMMUNE,15,466
04492,Xã Púng Luông,COMMUNE,15,467
04630,Xã Tú Lệ,COMMUNE,15,468
04591,Xã Trạm Tấu,COMMUNE,15,469
04585,Xã Hạnh Phúc,COMMUNE,15,470
04609,Xã Phình Hồ,COMMUNE,15,471
04288,Phường Nghĩa Lộ,WARD,15,472
04663,Phường Trung Tâm,WARD,15,473
04678,Phường Cầu Thia,WARD,15,474
04660,Xã Liên Sơn,COMMUNE,15,475
04636,Xã Gia Hội,COMMUNE,15,476
04651,Xã Sơn Lương,COMMUNE,15,477
04705,Xã Thượng Bằng La,COMMUNE,15,478
04699,Xã Chấn Thịnh,COMMUNE,15,479
04711,Xã Nghĩa Tâm,COMMUNE,15,480
04672,Xã Văn Chấn,COMMUNE,15,481
04402,Xã Phong Dụ Hạ,COMMUNE,15,482
04387,Xã Châu Quế,COMMUNE,15,483
04381,Xã Lâm Giang,COMMUNE,15,484
04399,Xã Đông Cuông,COMMUNE,15,485
04429,Xã Tân Hợp,COMMUNE,15,486
04375,Xã Mậu A,COMMUNE,15,487
04441,Xã Xuân Ái,COMMUNE,15,488
04450,Xã Mỏ Vàng,COMMUNE,15,489
04318,Xã Lâm Thượng,COMMUNE,15,490
04303,Xã Lục Yên,COMMUNE,15,491
04336,Xã Tân Lĩnh,COMMUNE,15,492
04333,Xã Khánh Hòa,COMMUNE,15,493
04363,Xã Phúc Lợi,COMMUNE,15,494
04345,Xã Mường Lai,COMMUNE,15,495
04726,Xã Cảm Nhân,COMMUNE,15,496
04744,Xã Yên Thành,COMMUNE,15,497
04717,Xã Thác Bà,COMMUNE,15,498
04714,Xã Yên Bình,COMMUNE,15,499
04750,Xã Bảo Ái,COMMUNE,15,500
04279,Phường Văn Phú,WARD,15,501
04252,Phường Yên Bái,WARD,15,502
04273,Phường Nam Cường,WARD,15,503
04543,Phường Âu Lâu,WARD,15,504
04498,Xã Trấn Yên,COMMUNE,15,505
04576,Xã Hưng Khánh,COMMUNE,15,506
04537,Xã Lương Thịnh,COMMUNE,15,507
04564,Xã Việt Hồng,COMMUNE,15,508
04531,Xã Quy Mông,COMMUNE,15,509
02902,Xã Phong Hải,COMMUNE,15,510
02926,Xã Xuân Quang,COMMUNE,15,511
02905,Xã Bảo Thắng,COMMUNE,15,512
02908,Xã Tằng Loỏng,COMMUNE,15,513
02923,Xã Gia Phú,COMMUNE,15,514
02746,Xã Cốc San,COMMUNE,15,515
02680,Xã Hợp Thành,COMMUNE,15,516
02674,Phường Cam Đường,WARD,15,517
02647,Phường Lào Cai,WARD,15,518
02728,Xã Mường Hum,COMMUNE,15,519
02707,Xã Dền Sáng,COMMUNE,15,520
02701,Xã Y Tý,COMMUNE,15,521
02686,Xã A Mú Sung,COMMUNE,15,522
02695,Xã Trịnh Tường,COMMUNE,15,523
02725,Xã Bản Xèo,COMMUNE,15,524
02683,Xã Bát Xát,COMMUNE,15,525
02953,Xã Nghĩa Đô,COMMUNE,15,526
02968,Xã Thượng Hà,COMMUNE,15,527
02947,Xã Bảo Yên,COMMUNE,15,528
02962,Xã Xuân Hòa,COMMUNE,15,529
02998,Xã Phúc Khánh,COMMUNE,15,530
02989,Xã Bảo Hà,COMMUNE,15,531
03061,Xã Võ Lao,COMMUNE,15,532
03103,Xã Khánh Yên,COMMUNE,15,533
03082,Xã Văn Bàn,COMMUNE,15,534
03106,Xã Dương Quỳ,COMMUNE,15,535
03091,Xã Chiềng Ken,COMMUNE,15,536
03121,Xã Minh Lương,COMMUNE,15,537
03076,Xã Nậm Chày,COMMUNE,15,538
03043,Xã Mường Bo,COMMUNE,15,539
03046,Xã Bản Hồ,COMMUNE,15,540
03013,Xã Tả Phìn,COMMUNE,15,541
03037,Xã Tả Van,COMMUNE,15,542
03006,Phường Sa Pa,WARD,15,543
02896,Xã Cốc Lầu,COMMUNE,15,544
02890,Xã Bảo Nhai,COMMUNE,15,545
02869,Xã Bản Liền,COMMUNE,15,546
02839,Xã Bắc Hà,COMMUNE,15,547
02842,Xã Tả Củ Tỷ,COMMUNE,15,548
02848,Xã Lùng Phình,COMMUNE,15,549
02752,Xã Pha Long,COMMUNE,15,550
02761,Xã Mường Khương,COMMUNE,15,551
02788,Xã Bản Lầu,COMMUNE,15,552
02791,Xã Cao Sơn,COMMUNE,15,553
02809,Xã Si Ma Cai,COMMUNE,15,554
02824,Xã Sín Chéng,COMMUNE,15,555
04474,Xã Lao Chải,COMMUNE,15,556
04489,Xã Chế Tạo,COMMUNE,15,557
04462,Xã Nậm Có,COMMUNE,15,558
04603,Xã Tà Xi Láng,COMMUNE,15,559
04423,Xã Phong Dụ Thượng,COMMUNE,15,560
04693,Xã Cát Thịnh,COMMUNE,15,561
03085,Xã Nậm Xé,COMMUNE,15,562
03004,Xã Ngũ Chỉ Sơn,COMMUNE,15,563
05443,Phường Phan Đình Phùng,WARD,19,564
05710,Phường Linh Sơn,WARD,19,565
05500,Phường Tích Lương,WARD,19,566
05467,Phường Gia Sàng,WARD,19,567
05455,Phường Quyết Thắng,WARD,19,568
05482,Phường Quan Triều,WARD,19,569
05503,Xã Tân Cương,COMMUNE,19,570
05488,Xã Đại Phúc,COMMUNE,19,571
05830,Xã Đại Từ,COMMUNE,19,572
05776,Xã Đức Lương,COMMUNE,19,573
05800,Xã Phú Thịnh,COMMUNE,19,574
05818,Xã La Bằng,COMMUNE,19,575
05794,Xã Phú Lạc,COMMUNE,19,576
05809,Xã An Khánh,COMMUNE,19,577
05851,Xã Quân Chu,COMMUNE,19,578
05845,Xã Vạn Phú,COMMUNE,19,579
05773,Xã Phú Xuyên,COMMUNE,19,580
05860,Phường Phổ Yên,WARD,19,581
05890,Phường Vạn Xuân,WARD,19,582
05899,Phường Trung Thành,WARD,19,583
05857,Phường Phúc Thuận,WARD,19,584
05881,Xã Thành Công,COMMUNE,19,585
05908,Xã Phú Bình,COMMUNE,19,586
05923,Xã Tân Thành,COMMUNE,19,587
05941,Xã Điềm Thụy,COMMUNE,19,588
05953,Xã Kha Sơn,COMMUNE,19,589
05917,Xã Tân Khánh,COMMUNE,19,590
05692,Xã Đồng Hỷ,COMMUNE,19,591
05674,Xã Quang Sơn,COMMUNE,19,592
05662,Xã Trại Cau,COMMUNE,19,593
05707,Xã Nam Hòa,COMMUNE,19,594
05680,Xã Văn Hán,COMMUNE,19,595
05665,Xã Văn Lăng,COMMUNE,19,596
05518,Phường Sông Công,WARD,19,597
05533,Phường Bá Xuyên,WARD,19,598
05528,Phường Bách Quang,WARD,19,599
05611,Xã Phú Lương,COMMUNE,19,600
05641,Xã Vô Tranh,COMMUNE,19,601
05620,Xã Yên Trạch,COMMUNE,19,602
05632,Xã Hợp Thành,COMMUNE,19,603
05569,Xã Định Hóa,COMMUNE,19,604
05587,Xã Bình Yên,COMMUNE,19,605
05581,Xã Trung Hội,COMMUNE,19,606
05563,Xã Phượng Tiến,COMMUNE,19,607
05602,Xã Phú Đình,COMMUNE,19,608
05605,Xã Bình Thành,COMMUNE,19,609
05551,Xã Kim Phượng,COMMUNE,19,610
05542,Xã Lam Vỹ,COMMUNE,19,611
05716,Xã Võ Nhai,COMMUNE,19,612
05755,Xã Dân Tiến,COMMUNE,19,613
05722,Xã Nghinh Tường,COMMUNE,19,614
05725,Xã Thần Sa,COMMUNE,19,615
05740,Xã La Hiên,COMMUNE,19,616
05746,Xã Tràng Xá,COMMUNE,19,617
01864,Xã Bằng Thành,COMMUNE,19,618
01882,Xã Nghiên Loan,COMMUNE,19,619
01879,Xã Cao Minh,COMMUNE,19,620
01906,Xã Ba Bể,COMMUNE,19,621
01912,Xã Chợ Rã,COMMUNE,19,622
01894,Xã Phúc Lộc,COMMUNE,19,623
01921,Xã Thượng Minh,COMMUNE,19,624
01933,Xã Đồng Phúc,COMMUNE,19,625
02116,Xã Yên Bình,COMMUNE,19,626
01942,Xã Bằng Vân,COMMUNE,19,627
01954,Xã Ngân Sơn,COMMUNE,19,628
01936,Xã Nà Phặc,COMMUNE,19,629
01960,Xã Hiệp Lực,COMMUNE,19,630
02026,Xã Nam Cường,COMMUNE,19,631
02038,Xã Quảng Bạch,COMMUNE,19,632
02044,Xã Yên Thịnh,COMMUNE,19,633
02020,Xã Chợ Đồn,COMMUNE,19,634
02083,Xã Yên Phong,COMMUNE,19,635
02071,Xã Nghĩa Tá,COMMUNE,19,636
01969,Xã Phủ Thông,COMMUNE,19,637
02008,Xã Cẩm Giàng,COMMUNE,19,638
01981,Xã Vĩnh Thông,COMMUNE,19,639
02014,Xã Bạch Thông,COMMUNE,19,640
01849,Xã Phong Quang,COMMUNE,19,641
01840,Phường Đức Xuân,WARD,19,642
01843,Phường Bắc Kạn,WARD,19,643
02143,Xã Văn Lang,COMMUNE,19,644
02152,Xã Cường Lợi,COMMUNE,19,645
02155,Xã Na Rì,COMMUNE,19,646
02176,Xã Trần Phú,COMMUNE,19,647
02185,Xã Côn Minh,COMMUNE,19,648
02191,Xã Xuân Dương,COMMUNE,19,649
02104,Xã Tân Kỳ,COMMUNE,19,650
02101,Xã Thanh Mai,COMMUNE,19,651
02107,Xã Thanh Thịnh,COMMUNE,19,652
02086,Xã Chợ Mới,COMMUNE,19,653
05719,Xã Sảng Mộc,COMMUNE,19,654
01957,Xã Thượng Quan,COMMUNE,19,655
06040,Xã Thất Khê,COMMUNE,20,656
06001,Xã Đoàn Kết,COMMUNE,20,657
06019,Xã Tân Tiến,COMMUNE,20,658
06046,Xã Tràng Định,COMMUNE,20,659
06016,Xã Quốc Khánh,COMMUNE,20,660
06037,Xã Kháng Chiến,COMMUNE,20,661
06058,Xã Quốc Việt,COMMUNE,20,662
06112,Xã Bình Gia,COMMUNE,20,663
06115,Xã Tân Văn,COMMUNE,20,664
06079,Xã Hồng Phong,COMMUNE,20,665
06073,Xã Hoa Thám,COMMUNE,20,666
06076,Xã Quý Hòa,COMMUNE,20,667
06085,Xã Thiện Hòa,COMMUNE,20,668
06091,Xã Thiện Thuật,COMMUNE,20,669
06103,Xã Thiện Long,COMMUNE,20,670
06325,Xã Bắc Sơn,COMMUNE,20,671
06349,Xã Hưng Vũ,COMMUNE,20,672
06367,Xã Vũ Lăng,COMMUNE,20,673
06376,Xã Nhất Hòa,COMMUNE,20,674
06364,Xã Vũ Lễ,COMMUNE,20,675
06337,Xã Tân Tri,COMMUNE,20,676
06253,Xã Văn Quan,COMMUNE,20,677
06280,Xã Điềm He,COMMUNE,20,678
06313,Xã Tri Lễ,COMMUNE,20,679
06298,Xã Yên Phúc,COMMUNE,20,680
06316,Xã Tân Đoàn,COMMUNE,20,681
06286,Xã Khánh Khê,COMMUNE,20,682
06214,Xã Na Sầm,COMMUNE,20,683
06154,Xã Văn Lãng,COMMUNE,20,684
06151,Xã Hội Hoan,COMMUNE,20,685
06148,Xã Thụy Hùng,COMMUNE,20,686
06172,Xã Tân Thanh,COMMUNE,20,687
06529,Xã Lộc Bình,COMMUNE,20,688
06541,Xã Mẫu Sơn,COMMUNE,20,689
06526,Xã Na Dương,COMMUNE,20,690
06601,Xã Lợi Bác,COMMUNE,20,691
06577,Xã Thống Nhất,COMMUNE,20,692
06607,Xã Xuân Dương,COMMUNE,20,693
06565,Xã Khuất Xá,COMMUNE,20,694
06613,Xã Đình Lập,COMMUNE,20,695
06637,Xã Châu Sơn,COMMUNE,20,696
06625,Xã Kiên Mộc,COMMUNE,20,697
06616,Xã Thái Bình,COMMUNE,20,698
06385,Xã Hữu Lũng,COMMUNE,20,699
06457,Xã Tuấn Sơn,COMMUNE,20,700
06445,Xã Tân Thành,COMMUNE,20,701
06415,Xã Vân Nham,COMMUNE,20,702
06421,Xã Thiện Tân,COMMUNE,20,703
06391,Xã Yên Bình,COMMUNE,20,704
06400,Xã Hữu Liên,COMMUNE,20,705
06427,Xã Cai Kinh,COMMUNE,20,706
06463,Xã Chi Lăng,COMMUNE,20,707
06496,Xã Nhân Lý,COMMUNE,20,708
06481,Xã Chiến Thắng,COMMUNE,20,709
06517,Xã Quan Sơn,COMMUNE,20,710
06475,Xã Bằng Mạc,COMMUNE,20,711
06505,Xã Vạn Linh,COMMUNE,20,712
06184,Xã Đồng Đăng,COMMUNE,20,713
06193,Xã Cao Lộc,COMMUNE,20,714
06220,Xã Công Sơn,COMMUNE,20,715
06202,Xã Ba Sơn,COMMUNE,20,716
05986,Phường Tam Thanh,WARD,20,717
05983,Phường Lương Văn Tri,WARD,20,718
06187,Phường Hoàng Văn Thụ,WARD,20,719
05977,Phường Đông Kinh,WARD,20,720
07090,Phường An Sinh,WARD,22,721
07093,Phường Đông Triều,WARD,22,722
07081,Phường Bình Khê,WARD,22,723
07069,Phường Mạo Khê,WARD,22,724
07114,Phường Hoàng Quế,WARD,22,725
06832,Phường Yên Tử,WARD,22,726
06820,Phường Vàng Danh,WARD,22,727
06811,Phường Uông Bí,WARD,22,728
07135,Phường Đông Mai,WARD,22,729
07147,Phường Hiệp Hòa,WARD,22,730
07132,Phường Quảng Yên,WARD,22,731
07168,Phường Hà An,WARD,22,732
07183,Phường Phong Cốc,WARD,22,733
07180,Phường Liên Hòa,WARD,22,734
06706,Phường Tuần Châu,WARD,22,735
06661,Phường Việt Hưng,WARD,22,736
06673,Phường Bãi Cháy,WARD,22,737
06652,Phường Hà Tu,WARD,22,738
06676,Phường Hà Lầm,WARD,22,739
06658,Phường Cao Xanh,WARD,22,740
06685,Phường Hồng Gai,WARD,22,741
06688,Phường Hạ Long,WARD,22,742
07030,Phường Hoành Bồ,WARD,22,743
07054,Xã Quảng La,COMMUNE,22,744
07060,Xã Thống Nhất,COMMUNE,22,745
06760,Phường Mông Dương,WARD,22,746
06778,Phường Quang Hanh,WARD,22,747
06793,Phường Cẩm Phả,WARD,22,748
06781,Phường Cửa Ông,WARD,22,749
06799,Xã Hải Hòa,COMMUNE,22,750
06862,Xã Tiên Yên,COMMUNE,22,751
06874,Xã Điền Xá,COMMUNE,22,752
06877,Xã Đông Ngũ,COMMUNE,22,753
06886,Xã Hải Lạng,COMMUNE,22,754
06985,Xã Lương Minh,COMMUNE,22,755
06979,Xã Kỳ Thượng,COMMUNE,22,756
06970,Xã Ba Chẽ,COMMUNE,22,757
06913,Xã Quảng Tân,COMMUNE,22,758
06895,Xã Đầm Hà,COMMUNE,22,759
06922,Xã Quảng Hà,COMMUNE,22,760
06946,Xã Đường Hoa,COMMUNE,22,761
06931,Xã Quảng Đức,COMMUNE,22,762
06841,Xã Hoành Mô,COMMUNE,22,763
06856,Xã Lục Hồn,COMMUNE,22,764
06838,Xã Bình Liêu,COMMUNE,22,765
06724,Xã Hải Sơn,COMMUNE,22,766
06733,Xã Hải Ninh,COMMUNE,22,767
06757,Xã Vĩnh Thực,COMMUNE,22,768
06712,Phường Móng Cái 1,WARD,22,769
06709,Phường Móng Cái 2,WARD,22,770
06736,Phường Móng Cái 3,WARD,22,771
06994,Đặc khu Vân Đồn,SPECIAL_ZONE,22,772
07192,Đặc khu Cô Tô,SPECIAL_ZONE,22,773
06967,Xã Cái Chiên,COMMUNE,22,774
07627,Xã Đại Sơn,COMMUNE,24,775
07615,Xã Sơn Động,COMMUNE,24,776
07616,Xã Tây Yên Tử,COMMUNE,24,777
07672,Xã Dương Hưu,COMMUNE,24,778
07642,Xã Yên Định,COMMUNE,24,779
07654,Xã An Lạc,COMMUNE,24,780
07621,Xã Vân Sơn,COMMUNE,24,781
07573,Xã Biển Động,COMMUNE,24,782
07582,Xã Lục Ngạn,COMMUNE,24,783
07594,Xã Đèo Gia,COMMUNE,24,784
07543,Xã Sơn Hải,COMMUNE,24,785
07531,Xã Tân Sơn,COMMUNE,24,786
07537,Xã Biên Sơn,COMMUNE,24,787
07534,Xã Sa Lý,COMMUNE,24,788
07603,Xã Nam Dương,COMMUNE,24,789
07552,Xã Kiên Lao,COMMUNE,24,790
07525,Phường Chũ,WARD,24,791
07612,Phường Phượng Sơn,WARD,24,792
07492,Xã Lục Sơn,COMMUNE,24,793
07489,Xã Trường Sơn,COMMUNE,24,794
07519,Xã Cẩm Lý,COMMUNE,24,795
07450,Xã Đông Phú,COMMUNE,24,796
07486,Xã Nghĩa Phương,COMMUNE,24,797
07444,Xã Lục Nam,COMMUNE,24,798
07498,Xã Bắc Lũng,COMMUNE,24,799
07462,Xã Bảo Đài,COMMUNE,24,800
07375,Xã Lạng Giang,COMMUNE,24,801
07420,Xã Mỹ Thái,COMMUNE,24,802
07399,Xã Kép,COMMUNE,24,803
07432,Xã Tân Dĩnh,COMMUNE,24,804
07381,Xã Tiên Lục,COMMUNE,24,805
07288,Xã Yên Thế,COMMUNE,24,806
07294,Xã Bố Hạ,COMMUNE,24,807
07282,Xã Đồng Kỳ,COMMUNE,24,808
07246,Xã Xuân Lương,COMMUNE,24,809
07264,Xã Tam Tiến,COMMUNE,24,810
07339,Xã Tân Yên,COMMUNE,24,811
07351,Xã Ngọc Thiện,COMMUNE,24,812
07306,Xã Nhã Nam,COMMUNE,24,813
07330,Xã Phúc Hòa,COMMUNE,24,814
07333,Xã Quang Trung,COMMUNE,24,815
07864,Xã Hợp Thịnh,COMMUNE,24,816
07840,Xã Hiệp Hoà,COMMUNE,24,817
07822,Xã Hoàng Vân,COMMUNE,24,818
07870,Xã Xuân Cẩm,COMMUNE,24,819
07774,Phường Tự Lạn,WARD,24,820
07777,Phường Việt Yên,WARD,24,821
07795,Phường Nếnh,WARD,24,822
07798,Phường Vân Hà,WARD,24,823
07735,Xã Đồng Việt,COMMUNE,24,824
07210,Phường Bắc Giang,WARD,24,825
07228,Phường Đa Mai,WARD,24,826
07696,Phường Tiền Phong,WARD,24,827
07682,Phường Tân An,WARD,24,828
07681,Phường Yên Dũng,WARD,24,829
07699,Phường Tân Tiến,WARD,24,830
07738,Phường Cảnh Thụy,WARD,24,831
09187,Phường Kinh Bắc,WARD,24,832
09190,Phường Võ Cường,WARD,24,833
09169,Phường Vũ Ninh,WARD,24,834
09325,Phường Hạp Lĩnh,WARD,24,835
09286,Phường Nam Sơn,WARD,24,836
09367,Phường Từ Sơn,WARD,24,837
09376,Phường Tam Sơn,WARD,24,838
09382,Phường Đồng Nguyên,WARD,24,839
09373,Phường Phù Khê,WARD,24,840
09400,Phường Thuận Thành,WARD,24,841
09409,Phường Mão Điền,WARD,24,842
09430,Phường Trạm Lộ,WARD,24,843
09427,Phường Trí Quả,WARD,24,844
09433,Phường Song Liễu,WARD,24,845
09445,Phường Ninh Xá,WARD,24,846
09247,Phường Quế Võ,WARD,24,847
09265,Phường Phương Liễu,WARD,24,848
09253,Phường Nhân Hòa,WARD,24,849
09301,Phường Đào Viên,WARD,24,850
09295,Phường Bồng Lai,WARD,24,851
09313,Xã Chi Lăng,COMMUNE,24,852
09292,Xã Phù Lãng,COMMUNE,24,853
09193,Xã Yên Phong,COMMUNE,24,854
09238,Xã Văn Môn,COMMUNE,24,855
09202,Xã Tam Giang,COMMUNE,24,856
09205,Xã Yên Trung,COMMUNE,24,857
09208,Xã Tam Đa,COMMUNE,24,858
09319,Xã Tiên Du,COMMUNE,24,859
09334,Xã Liên Bão,COMMUNE,24,860
09343,Xã Tân Chi,COMMUNE,24,861
09340,Xã Đại Đồng,COMMUNE,24,862
09349,Xã Phật Tích,COMMUNE,24,863
09454,Xã Gia Bình,COMMUNE,24,864
09475,Xã Nhân Thắng,COMMUNE,24,865
09469,Xã Đại Lai,COMMUNE,24,866
09466,Xã Cao Đức,COMMUNE,24,867
09487,Xã Đông Cứu,COMMUNE,24,868
09496,Xã Lương Tài,COMMUNE,24,869
09529,Xã Lâm Thao,COMMUNE,24,870
09523,Xã Trung Chính,COMMUNE,24,871
09499,Xã Trung Kênh,COMMUNE,24,872
07663,Xã Tuấn Đạo,COMMUNE,24,873
07900,Phường Việt Trì,WARD,25,874
07894,Phường Nông Trang,WARD,25,875
07909,Phường Thanh Miếu,WARD,25,876
07918,Phường Vân Phú,WARD,25,877
08515,Xã Hy Cương,COMMUNE,25,878
08494,Xã Lâm Thao,COMMUNE,25,879
08497,Xã Xuân Lũng,COMMUNE,25,880
08521,Xã Phùng Nguyên,COMMUNE,25,881
08527,Xã Bản Nguyên,COMMUNE,25,882
07954,Phường Phong Châu,WARD,25,883
07942,Phường Phú Thọ,WARD,25,884
07948,Phường Âu Cơ,WARD,25,885
08230,Xã Phù Ninh,COMMUNE,25,886
08254,Xã Dân Chủ,COMMUNE,25,887
08236,Xã Phú Mỹ,COMMUNE,25,888
08245,Xã Trạm Thản,COMMUNE,25,889
08275,Xã Bình Phú,COMMUNE,25,890
08152,Xã Thanh Ba,COMMUNE,25,891
08161,Xã Quảng Yên,COMMUNE,25,892
08203,Xã Hoàng Cương,COMMUNE,25,893
08209,Xã Đông Thành,COMMUNE,25,894
08215,Xã Chí Tiên,COMMUNE,25,895
08227,Xã Liên Minh,COMMUNE,25,896
07969,Xã Đoan Hùng,COMMUNE,25,897
08023,Xã Tây Cốc,COMMUNE,25,898
08035,Xã Chân Mộng,COMMUNE,25,899
07999,Xã Chí Đám,COMMUNE,25,900
07996,Xã Bằng Luân,COMMUNE,25,901
08053,Xã Hạ Hòa,COMMUNE,25,902
08071,Xã Đan Thượng,COMMUNE,25,903
08113,Xã Yên Kỳ,COMMUNE,25,904
08143,Xã Vĩnh Chân,COMMUNE,25,905
08134,Xã Văn Lang,COMMUNE,25,906
08110,Xã Hiền Lương,COMMUNE,25,907
08341,Xã Cẩm Khê,COMMUNE,25,908
08398,Xã Phú Khê,COMMUNE,25,909
08416,Xã Hùng Việt,COMMUNE,25,910
08431,Xã Đồng Lương,COMMUNE,25,911
08344,Xã Tiên Lương,COMMUNE,25,912
08380,Xã Vân Bán,COMMUNE,25,913
08434,Xã Tam Nông,COMMUNE,25,914
08479,Xã Thọ Văn,COMMUNE,25,915
08461,Xã Vạn Xuân,COMMUNE,25,916
08443,Xã Hiền Quan,COMMUNE,25,917
08674,Xã Thanh Thuỷ,COMMUNE,25,918
08662,Xã Đào Xá,COMMUNE,25,919
08686,Xã Tu Vũ,COMMUNE,25,920
08542,Xã Thanh Sơn,COMMUNE,25,921
08584,Xã Võ Miếu,COMMUNE,25,922
08611,Xã Văn Miếu,COMMUNE,25,923
08614,Xã Cự Đồng,COMMUNE,25,924
08632,Xã Hương Cần,COMMUNE,25,925
08656,Xã Yên Sơn,COMMUNE,25,926
08635,Xã Khả Cửu,COMMUNE,25,927
08566,Xã Tân Sơn,COMMUNE,25,928
08593,Xã Minh Đài,COMMUNE,25,929
08560,Xã Lai Đồng,COMMUNE,25,930
08545,Xã Thu Cúc,COMMUNE,25,931
08590,Xã Xuân Đài,COMMUNE,25,932
08620,Xã Long Cốc,COMMUNE,25,933
08290,Xã Yên Lập,COMMUNE,25,934
08323,Xã Thượng Long,COMMUNE,25,935
08296,Xã Sơn Lương,COMMUNE,25,936
08305,Xã Xuân Viên,COMMUNE,25,937
08338,Xã Minh Hòa,COMMUNE,25,938
08311,Xã Trung Sơn,COMMUNE,25,939
08824,Xã Tam Sơn,COMMUNE,25,940
08848,Xã Sông Lô,COMMUNE,25,941
08782,Xã Hải Lựu,COMMUNE,25,942
08773,Xã Yên Lãng,COMMUNE,25,943
08761,Xã Lập Thạch,COMMUNE,25,944
08842,Xã Tiên Lữ,COMMUNE,25,945
08788,Xã Thái Hòa,COMMUNE,25,946
08812,Xã Liên Hòa,COMMUNE,25,947
08770,Xã Hợp Lý,COMMUNE,25,948
08866,Xã Sơn Đông,COMMUNE,25,949
08911,Xã Tam Đảo,COMMUNE,25,950
08923,Xã Đại Đình,COMMUNE,25,951
08914,Xã Đạo Trù,COMMUNE,25,952
08869,Xã Tam Dương,COMMUNE,25,953
08905,Xã Hội Thịnh,COMMUNE,25,954
08896,Xã Hoàng An,COMMUNE,25,955
08872,Xã Tam Dương Bắc,COMMUNE,25,956
09076,Xã Vĩnh Tường,COMMUNE,25,957
09112,Xã Thổ Tang,COMMUNE,25,958
09100,Xã Vĩnh Hưng,COMMUNE,25,959
09079,Xã Vĩnh An,COMMUNE,25,960
09154,Xã Vĩnh Phú,COMMUNE,25,961
09106,Xã Vĩnh Thành,COMMUNE,25,962
09025,Xã Yên Lạc,COMMUNE,25,963
09040,Xã Tề Lỗ,COMMUNE,25,964
09064,Xã Liên Châu,COMMUNE,25,965
09043,Xã Tam Hồng,COMMUNE,25,966
09052,Xã Nguyệt Đức,COMMUNE,25,967
08935,Xã Bình Nguyên,COMMUNE,25,968
08971,Xã Xuân Lãng,COMMUNE,25,969
08950,Xã Bình Xuyên,COMMUNE,25,970
08944,Xã Bình Tuyền,COMMUNE,25,971
08716,Phường Vĩnh Phúc,WARD,25,972
08707,Phường Vĩnh Yên,WARD,25,973
08740,Phường Phúc Yên,WARD,25,974
08749,Phường Xuân Hòa,WARD,25,975
05089,Xã Cao Phong,COMMUNE,25,976
05116,Xã Mường Thàng,COMMUNE,25,977
05098,Xã Thung Nai,COMMUNE,25,978
04831,Xã Đà Bắc,COMMUNE,25,979
04876,Xã Cao Sơn,COMMUNE,25,980
04846,Xã Đức Nhàn,COMMUNE,25,981
04873,Xã Quy Đức,COMMUNE,25,982
04849,Xã Tân Pheo,COMMUNE,25,983
04891,Xã Tiền Phong,COMMUNE,25,984
04978,Xã Kim Bôi,COMMUNE,25,985
05014,Xã Mường Động,COMMUNE,25,986
05086,Xã Dũng Tiến,COMMUNE,25,987
05068,Xã Hợp Kim,COMMUNE,25,988
04990,Xã Nật Sơn,COMMUNE,25,989
05266,Xã Lạc Sơn,COMMUNE,25,990
05287,Xã Mường Vang,COMMUNE,25,991
05347,Xã Đại Đồng,COMMUNE,25,992
05329,Xã Ngọc Sơn,COMMUNE,25,993
05290,Xã Nhân Nghĩa,COMMUNE,25,994
05323,Xã Quyết Thắng,COMMUNE,25,995
05293,Xã Thượng Cốc,COMMUNE,25,996
05305,Xã Yên Phú,COMMUNE,25,997
05392,Xã Lạc Thủy,COMMUNE,25,998
05425,Xã An Bình,COMMUNE,25,999
05395,Xã An Nghĩa,COMMUNE,25,1000
04924,Xã Lương Sơn,COMMUNE,25,1001
05047,Xã Cao Dương,COMMUNE,25,1002
04960,Xã Liên Sơn,COMMUNE,25,1003
05200,Xã Mai Châu,COMMUNE,25,1004
05245,Xã Bao La,COMMUNE,25,1005
05251,Xã Mai Hạ,COMMUNE,25,1006
05212,Xã Pà Cò,COMMUNE,25,1007
05206,Xã Tân Mai,COMMUNE,25,1008
05128,Xã Tân Lạc,COMMUNE,25,1009
05158,Xã Mường Bi,COMMUNE,25,1010
05134,Xã Mường Hoa,COMMUNE,25,1011
05191,Xã Toàn Thắng,COMMUNE,25,1012
05152,Xã Vân Sơn,COMMUNE,25,1013
05353,Xã Yên Thủy,COMMUNE,25,1014
05362,Xã Lạc Lương,COMMUNE,25,1015
05386,Xã Yên Trị,COMMUNE,25,1016
04897,Xã Thịnh Minh,COMMUNE,25,1017
04795,Phường Hòa Bình,WARD,25,1018
04894,Phường Kỳ Sơn,WARD,25,1019
04792,Phường Tân Hòa,WARD,25,1020
04828,Phường Thống Nhất,WARD,25,1021
11560,Phường Thuỷ Nguyên,WARD,31,1022
11557,Phường Thiên Hương,WARD,31,1023
11533,Phường Hoà Bình,WARD,31,1024
11542,Phường Nam Triệu,WARD,31,1025
11473,Phường Bạch Đằng,WARD,31,1026
11488,Phường Lưu Kiếm,WARD,31,1027
11506,Phường Lê Ích Mộc,WARD,31,1028
11311,Phường Hồng Bàng,WARD,31,1029
11602,Phường Hồng An,WARD,31,1030
11341,Phường Ngô Quyền,WARD,31,1031
11359,Phường Gia Viên,WARD,31,1032
11383,Phường Lê Chân,WARD,31,1033
11407,Phường An Biên,WARD,31,1034
11413,Phường Hải An,WARD,31,1035
11411,Phường Đông Hải,WARD,31,1036
11443,Phường Kiến An,WARD,31,1037
11446,Phường Phù Liễn,WARD,31,1038
11737,Phường Nam Đồ Sơn,WARD,31,1039
11455,Phường Đồ Sơn,WARD,31,1040
11689,Phường Hưng Đạo,WARD,31,1041
11692,Phường Dương Kinh,WARD,31,1042
11581,Phường An Dương,WARD,31,1043
11617,Phường An Hải,WARD,31,1044
11593,Phường An Phong,WARD,31,1045
11674,Xã An Hưng,COMMUNE,31,1046
11668,Xã An Khánh,COMMUNE,31,1047
11647,Xã An Quang,COMMUNE,31,1048
11635,Xã An Trường,COMMUNE,31,1049
11629,Xã An Lão,COMMUNE,31,1050
11680,Xã Kiến Thụy,COMMUNE,31,1051
11725,Xã Kiến Minh,COMMUNE,31,1052
11749,Xã Kiến Hải,COMMUNE,31,1053
11728,Xã Kiến Hưng,COMMUNE,31,1054
11713,Xã Nghi Dương,COMMUNE,31,1055
11761,Xã Quyết Thắng,COMMUNE,31,1056
11755,Xã Tiên Lãng,COMMUNE,31,1057
11779,Xã Tân Minh,COMMUNE,31,1058
11791,Xã Tiên Minh,COMMUNE,31,1059
11806,Xã Chấn Hưng,COMMUNE,31,1060
11809,Xã Hùng Thắng,COMMUNE,31,1061
11824,Xã Vĩnh Bảo,COMMUNE,31,1062
11911,Xã Nguyễn Bỉnh Khiêm,COMMUNE,31,1063
11887,Xã Vĩnh Am,COMMUNE,31,1064
11875,Xã Vĩnh Hải,COMMUNE,31,1065
11848,Xã Vĩnh Hòa,COMMUNE,31,1066
11836,Xã Vĩnh Thịnh,COMMUNE,31,1067
11842,Xã Vĩnh Thuận,COMMUNE,31,1068
11503,Xã Việt Khê,COMMUNE,31,1069
11914,Đặc khu Cát Hải,SPECIAL_ZONE,31,1070
11948,Đặc khu Bạch Long Vĩ,SPECIAL_ZONE,31,1071
10525,Phường Hải Dương,WARD,31,1072
10532,Phường Lê Thanh Nghị,WARD,31,1073
10543,Phường Việt Hòa,WARD,31,1074
10510,Phường Thành Đông,WARD,31,1075
10672,Phường Nam Đồng,WARD,31,1076
10537,Phường Tân Hưng,WARD,31,1077
11002,Phường Thạch Khôi,WARD,31,1078
10540,Phường Tứ Minh,WARD,31,1079
10660,Phường Ái Quốc,WARD,31,1080
10549,Phường Chu Văn An,WARD,31,1081
10546,Phường Chí Linh,WARD,31,1082
10570,Phường Trần Hưng Đạo,WARD,31,1083
10552,Phường Nguyễn Trãi,WARD,31,1084
10573,Phường Trần Nhân Tông,WARD,31,1085
10603,Phường Lê Đại Hành,WARD,31,1086
10675,Phường Kinh Môn,WARD,31,1087
10744,Phường Nguyễn Đại Năng,WARD,31,1088
10729,Phường Trần Liễu,WARD,31,1089
10678,Phường Bắc An Phụ,WARD,31,1090
10726,Phường Phạm Sư Mạnh,WARD,31,1091
10714,Phường Nhị Chiểu,WARD,31,1092
10705,Xã Nam An Phụ,COMMUNE,31,1093
10606,Xã Nam Sách,COMMUNE,31,1094
10642,Xã Thái Tân,COMMUNE,31,1095
10615,Xã Hợp Tiến,COMMUNE,31,1096
10633,Xã Trần Phú,COMMUNE,31,1097
10645,Xã An Phú,COMMUNE,31,1098
10813,Xã Thanh Hà,COMMUNE,31,1099
10846,Xã Hà Tây,COMMUNE,31,1100
10816,Xã Hà Bắc,COMMUNE,31,1101
10843,Xã Hà Nam,COMMUNE,31,1102
10882,Xã Hà Đông,COMMUNE,31,1103
10888,Xã Cẩm Giang,COMMUNE,31,1104
10909,Xã Tuệ Tĩnh,COMMUNE,31,1105
10930,Xã Mao Điền,COMMUNE,31,1106
10903,Xã Cẩm Giàng,COMMUNE,31,1107
10945,Xã Kẻ Sặt,COMMUNE,31,1108
10966,Xã Bình Giang,COMMUNE,31,1109
10972,Xã Đường An,COMMUNE,31,1110
10993,Xã Thượng Hồng,COMMUNE,31,1111
10999,Xã Gia Lộc,COMMUNE,31,1112
11020,Xã Yết Kiêu,COMMUNE,31,1113
11050,Xã Gia Phúc,COMMUNE,31,1114
11065,Xã Trường Tân,COMMUNE,31,1115
11074,Xã Tứ Kỳ,COMMUNE,31,1116
11113,Xã Tân Kỳ,COMMUNE,31,1117
11086,Xã Đại Sơn,COMMUNE,31,1118
11131,Xã Chí Minh,COMMUNE,31,1119
11140,Xã Lạc Phượng,COMMUNE,31,1120
11146,Xã Nguyên Giáp,COMMUNE,31,1121
11203,Xã Ninh Giang,COMMUNE,31,1122
11164,Xã Vĩnh Lại,COMMUNE,31,1123
11224,Xã Khúc Thừa Dụ,COMMUNE,31,1124
11167,Xã Tân An,COMMUNE,31,1125
11218,Xã Hồng Châu,COMMUNE,31,1126
11239,Xã Thanh Miện,COMMUNE,31,1127
11254,Xã Bắc Thanh Miện,COMMUNE,31,1128
11257,Xã Hải Hưng,COMMUNE,31,1129
11242,Xã Nguyễn Lương Bằng,COMMUNE,31,1130
11284,Xã Nam Thanh Miện,COMMUNE,31,1131
10750,Xã Phú Thái,COMMUNE,31,1132
10756,Xã Lai Khê,COMMUNE,31,1133
10777,Xã An Thành,COMMUNE,31,1134
10804,Xã Kim Thành,COMMUNE,31,1135
11953,Phường Phố Hiến,WARD,33,1136
11983,Phường Sơn Nam,WARD,33,1137
11980,Phường Hồng Châu,WARD,33,1138
12103,Phường Mỹ Hào,WARD,33,1139
12133,Phường Đường Hào,WARD,33,1140
12127,Phường Thượng Hồng,WARD,33,1141
11977,Xã Tân Hưng,COMMUNE,33,1142
12337,Xã Hoàng Hoa Thám,COMMUNE,33,1143
12364,Xã Tiên Lữ,COMMUNE,33,1144
12361,Xã Tiên Hoa,COMMUNE,33,1145
12391,Xã Quang Hưng,COMMUNE,33,1146
12406,Xã Đoàn Đào,COMMUNE,33,1147
12424,Xã Tiên Tiến,COMMUNE,33,1148
12427,Xã Tống Trân,COMMUNE,33,1149
12280,Xã Lương Bằng,COMMUNE,33,1150
12286,Xã Nghĩa Dân,COMMUNE,33,1151
12322,Xã Hiệp Cường,COMMUNE,33,1152
12313,Xã Đức Hợp,COMMUNE,33,1153
12142,Xã Ân Thi,COMMUNE,33,1154
12166,Xã Xuân Trúc,COMMUNE,33,1155
12148,Xã Phạm Ngũ Lão,COMMUNE,33,1156
12184,Xã Nguyễn Trãi,COMMUNE,33,1157
12196,Xã Hồng Quang,COMMUNE,33,1158
12205,Xã Khoái Châu,COMMUNE,33,1159
12220,Xã Triệu Việt Vương,COMMUNE,33,1160
12238,Xã Việt Tiến,COMMUNE,33,1161
12271,Xã Chí Minh,COMMUNE,33,1162
12247,Xã Châu Ninh,COMMUNE,33,1163
12052,Xã Yên Mỹ,COMMUNE,33,1164
12091,Xã Việt Yên,COMMUNE,33,1165
12070,Xã Hoàn Long,COMMUNE,33,1166
12064,Xã Nguyễn Văn Linh,COMMUNE,33,1167
11986,Xã Như Quỳnh,COMMUNE,33,1168
11992,Xã Lạc Đạo,COMMUNE,33,1169
11995,Xã Đại Đồng,COMMUNE,33,1170
12031,Xã Nghĩa Trụ,COMMUNE,33,1171
12025,Xã Phụng Công,COMMUNE,33,1172
12019,Xã Văn Giang,COMMUNE,33,1173
12049,Xã Mễ Sở,COMMUNE,33,1174
13225,Phường Thái Bình,WARD,33,1175
12454,Phường Trần Lãm,WARD,33,1176
12452,Phường Trần Hưng Đạo,WARD,33,1177
12817,Phường Trà Lý,WARD,33,1178
12466,Phường Vũ Phúc,WARD,33,1179
12826,Xã Thái Thụy,COMMUNE,33,1180
12862,Xã Đông Thụy Anh,COMMUNE,33,1181
12859,Xã Bắc Thụy Anh,COMMUNE,33,1182
12865,Xã Thụy Anh,COMMUNE,33,1183
12904,Xã Nam Thụy Anh,COMMUNE,33,1184
12841,Xã Bắc Thái Ninh,COMMUNE,33,1185
12922,Xã Thái Ninh,COMMUNE,33,1186
12943,Xã Đông Thái Ninh,COMMUNE,33,1187
12961,Xã Nam Thái Ninh,COMMUNE,33,1188
12919,Xã Tây Thái Ninh,COMMUNE,33,1189
12850,Xã Tây Thụy Anh,COMMUNE,33,1190
12970,Xã Tiền Hải,COMMUNE,33,1191
13039,Xã Tây Tiền Hải,COMMUNE,33,1192
13021,Xã Ái Quốc,COMMUNE,33,1193
13003,Xã Đồng Châu,COMMUNE,33,1194
12988,Xã Đông Tiền Hải,COMMUNE,33,1195
13057,Xã Nam Cường,COMMUNE,33,1196
13066,Xã Hưng Phú,COMMUNE,33,1197
13063,Xã Nam Tiền Hải,COMMUNE,33,1198
12472,Xã Quỳnh Phụ,COMMUNE,33,1199
12511,Xã Minh Thọ,COMMUNE,33,1200
12532,Xã Nguyễn Du,COMMUNE,33,1201
12577,Xã Quỳnh An,COMMUNE,33,1202
12517,Xã Ngọc Lâm,COMMUNE,33,1203
12526,Xã Đồng Bằng,COMMUNE,33,1204
12499,Xã A Sào,COMMUNE,33,1205
12523,Xã Phụ Dực,COMMUNE,33,1206
12478,Xã Tân Tiến,COMMUNE,33,1207
12586,Xã Hưng Hà,COMMUNE,33,1208
12634,Xã Tiên La,COMMUNE,33,1209
12676,Xã Lê Quý Đôn,COMMUNE,33,1210
12685,Xã Hồng Minh,COMMUNE,33,1211
12631,Xã Thần Khê,COMMUNE,33,1212
12619,Xã Diên Hà,COMMUNE,33,1213
12595,Xã Ngự Thiên,COMMUNE,33,1214
12613,Xã Long Hưng,COMMUNE,33,1215
12688,Xã Đông Hưng,COMMUNE,33,1216
12700,Xã Bắc Tiên Hưng,COMMUNE,33,1217
12736,Xã Đông Tiên Hưng,COMMUNE,33,1218
12775,Xã Nam Đông Hưng,COMMUNE,33,1219
12745,Xã  Bắc Đông Quan,COMMUNE,33,1220
12694,Xã Bắc Đông Hưng,COMMUNE,33,1221
12793,Xã Đông Quan,COMMUNE,33,1222
12763,Xã Nam Tiên Hưng,COMMUNE,33,1223
12754,Xã Tiên Hưng,COMMUNE,33,1224
13120,Xã Lê Lợi,COMMUNE,33,1225
13075,Xã Kiến Xương,COMMUNE,33,1226
13132,Xã Quang Lịch,COMMUNE,33,1227
13141,Xã Vũ Quý,COMMUNE,33,1228
13183,Xã Bình Thanh,COMMUNE,33,1229
13186,Xã Bình Định,COMMUNE,33,1230
13159,Xã Hồng Vũ,COMMUNE,33,1231
13096,Xã Bình Nguyên,COMMUNE,33,1232
13093,Xã Trà Giang,COMMUNE,33,1233
13192,Xã Vũ Thư,COMMUNE,33,1234
13222,Xã Thư Trì,COMMUNE,33,1235
13246,Xã Tân Thuận,COMMUNE,33,1236
13264,Xã Thư Vũ,COMMUNE,33,1237
13279,Xã Vũ Tiên,COMMUNE,33,1238
13219,Xã Vạn Xuân,COMMUNE,33,1239
14464,Xã Gia Viễn,COMMUNE,37,1240
14500,Xã Đại Hoàng,COMMUNE,37,1241
14482,Xã Gia Hưng,COMMUNE,37,1242
14524,Xã Gia Phong,COMMUNE,37,1243
14488,Xã Gia Vân,COMMUNE,37,1244
14494,Xã Gia Trấn,COMMUNE,37,1245
14428,Xã Nho Quan,COMMUNE,37,1246
14389,Xã Gia Lâm,COMMUNE,37,1247
14401,Xã Gia Tường,COMMUNE,37,1248
14407,Xã Phú Sơn,COMMUNE,37,1249
14404,Xã Cúc Phương,COMMUNE,37,1250
14458,Xã Phú Long,COMMUNE,37,1251
14434,Xã Thanh Sơn,COMMUNE,37,1252
14452,Xã Quỳnh Lưu,COMMUNE,37,1253
14560,Xã Yên Khánh,COMMUNE,37,1254
14611,Xã Khánh Nhạc,COMMUNE,37,1255
14563,Xã Khánh Thiện,COMMUNE,37,1256
14599,Xã Khánh Hội,COMMUNE,37,1257
14608,Xã Khánh Trung,COMMUNE,37,1258
14701,Xã Yên Mô,COMMUNE,37,1259
14728,Xã Yên Từ,COMMUNE,37,1260
14743,Xã Yên Mạc,COMMUNE,37,1261
14746,Xã Đồng Thái,COMMUNE,37,1262
14653,Xã Chất Bình,COMMUNE,37,1263
14638,Xã Kim Sơn,COMMUNE,37,1264
14647,Xã Quang Thiện,COMMUNE,37,1265
14620,Xã Phát Diệm,COMMUNE,37,1266
14674,Xã Lai Thành,COMMUNE,37,1267
14677,Xã Định Hóa,COMMUNE,37,1268
14623,Xã Bình Minh,COMMUNE,37,1269
14698,Xã Kim Đông,COMMUNE,37,1270
13504,Xã Bình Lục,COMMUNE,37,1271
13501,Xã Bình Mỹ,COMMUNE,37,1272
13540,Xã Bình An,COMMUNE,37,1273
13531,Xã Bình Giang,COMMUNE,37,1274
13558,Xã Bình Sơn,COMMUNE,37,1275
13456,Xã Liêm Hà,COMMUNE,37,1276
13474,Xã Tân Thanh,COMMUNE,37,1277
13483,Xã Thanh Bình,COMMUNE,37,1278
13489,Xã Thanh Lâm,COMMUNE,37,1279
13495,Xã Thanh Liêm,COMMUNE,37,1280
13573,Xã Lý Nhân,COMMUNE,37,1281
13591,Xã Nam Xang,COMMUNE,37,1282
13579,Xã Bắc Lý,COMMUNE,37,1283
13597,Xã Vĩnh Trụ,COMMUNE,37,1284
13594,Xã Trần Thương,COMMUNE,37,1285
13609,Xã Nhân Hà,COMMUNE,37,1286
13627,Xã Nam Lý,COMMUNE,37,1287
13966,Xã Nam Trực,COMMUNE,37,1288
14011,Xã Nam Minh,COMMUNE,37,1289
14014,Xã Nam Đồng,COMMUNE,37,1290
14005,Xã Nam Ninh,COMMUNE,37,1291
13987,Xã Nam Hồng,COMMUNE,37,1292
13750,Xã Minh Tân,COMMUNE,37,1293
13753,Xã Hiển Khánh,COMMUNE,37,1294
13741,Xã Vụ Bản,COMMUNE,37,1295
13786,Xã Liên Minh,COMMUNE,37,1296
13795,Xã Ý Yên,COMMUNE,37,1297
13879,Xã Yên Đồng,COMMUNE,37,1298
13870,Xã Yên Cường,COMMUNE,37,1299
13864,Xã Vạn Thắng,COMMUNE,37,1300
13834,Xã Vũ Dương,COMMUNE,37,1301
13807,Xã Tân Minh,COMMUNE,37,1302
13822,Xã Phong Doanh,COMMUNE,37,1303
14026,Xã Cổ Lễ,COMMUNE,37,1304
14038,Xã Ninh Giang,COMMUNE,37,1305
14056,Xã Cát Thành,COMMUNE,37,1306
14053,Xã Trực Ninh,COMMUNE,37,1307
14062,Xã Quang Hưng,COMMUNE,37,1308
14071,Xã Minh Thái,COMMUNE,37,1309
14077,Xã Ninh Cường,COMMUNE,37,1310
14089,Xã Xuân Trường,COMMUNE,37,1311
14122,Xã Xuân Hưng,COMMUNE,37,1312
14104,Xã  Xuân Giang,COMMUNE,37,1313
14095,Xã Xuân Hồng,COMMUNE,37,1314
14215,Xã Hải Hậu,COMMUNE,37,1315
14236,Xã Hải Anh,COMMUNE,37,1316
14218,Xã Hải Tiến,COMMUNE,37,1317
14248,Xã Hải Hưng,COMMUNE,37,1318
14281,Xã Hải An,COMMUNE,37,1319
14287,Xã Hải Quang,COMMUNE,37,1320
14308,Xã Hải Xuân,COMMUNE,37,1321
14221,Xã Hải Thịnh,COMMUNE,37,1322
14161,Xã Giao Minh,COMMUNE,37,1323
14182,Xã Giao Hoà,COMMUNE,37,1324
14167,Xã Giao Thuỷ,COMMUNE,37,1325
14203,Xã Giao Phúc,COMMUNE,37,1326
14179,Xã Giao Hưng,COMMUNE,37,1327
14194,Xã Giao Bình,COMMUNE,37,1328
14212,Xã Giao Ninh,COMMUNE,37,1329
13900,Xã Đồng Thịnh,COMMUNE,37,1330
13891,Xã Nghĩa Hưng,COMMUNE,37,1331
13918,Xã Nghĩa Sơn,COMMUNE,37,1332
13927,Xã Hồng Phong,COMMUNE,37,1333
13939,Xã Quỹ Nhất,COMMUNE,37,1334
13957,Xã Nghĩa Lâm,COMMUNE,37,1335
13894,Xã Rạng Đông,COMMUNE,37,1336
14533,Phường Tây Hoa Lư,WARD,37,1337
14329,Phường Hoa Lư,WARD,37,1338
14359,Phường Nam Hoa Lư,WARD,37,1339
14566,Phường Đông Hoa Lư,WARD,37,1340
14362,Phường Tam Điệp,WARD,37,1341
14371,Phường Yên Sơn,WARD,37,1342
14365,Phường Trung Sơn,WARD,37,1343
14725,Phường Yên Thắng,WARD,37,1344
13366,Phường Hà Nam,WARD,37,1345
13291,Phường Phủ Lý,WARD,37,1346
13318,Phường Phù Vân,WARD,37,1347
13285,Phường Châu Sơn,WARD,37,1348
13444,Phường Liêm Tuyền,WARD,37,1349
13324,Phường Duy Tiên,WARD,37,1350
13330,Phường Duy Tân,WARD,37,1351
13348,Phường Đồng Văn,WARD,37,1352
13336,Phường Duy Hà,WARD,37,1353
13363,Phường Tiên Sơn,WARD,37,1354
13393,Phường Lê Hồ,WARD,37,1355
13396,Phường Nguyễn Uý,WARD,37,1356
13435,Phường Lý Thường Kiệt,WARD,37,1357
13402,Phường Kim Thanh,WARD,37,1358
13420,Phường Tam Chúc,WARD,37,1359
13384,Phường Kim Bảng,WARD,37,1360
13666,Phường Nam Định,WARD,37,1361
13684,Phường Thiên Trường,WARD,37,1362
13693,Phường Đông A,WARD,37,1363
13972,Phường Vị Khê,WARD,37,1364
13699,Phường Thành Nam,WARD,37,1365
13777,Phường Trường Thi,WARD,37,1366
13984,Phường Hồng Quang,WARD,37,1367
13735,Phường Mỹ Lộc,WARD,37,1368
14797,Phường Hạc Thành,WARD,38,1369
16522,Phường Quảng Phú,WARD,38,1370
16417,Phường Đông Quang,WARD,38,1371
16378,Phường Đông Sơn,WARD,38,1372
15853,Phường Đông Tiến,WARD,38,1373
14758,Phường Hàm Rồng,WARD,38,1374
15925,Phường Nguyệt Viên,WARD,38,1375
16531,Phường Sầm Sơn,WARD,38,1376
16516,Phường Nam Sầm Sơn,WARD,38,1377
14812,Phường Bỉm Sơn,WARD,38,1378
14818,Phường Quang Trung,WARD,38,1379
16576,Phường Ngọc Sơn,WARD,38,1380
16594,Phường Tân Dân,WARD,38,1381
16597,Phường Hải Lĩnh,WARD,38,1382
16561,Phường Tĩnh Gia,WARD,38,1383
16609,Phường Đào Duy Tư,WARD,38,1384
16645,Phường Hải Bình,WARD,38,1385
16624,Phường Trúc Lâm,WARD,38,1386
16654,Phường Nghi Sơn,WARD,38,1387
16591,Xã Các Sơn,COMMUNE,38,1388
16636,Xã Trường Lâm,COMMUNE,38,1389
15271,Xã Hà Trung,COMMUNE,38,1390
15316,Xã Tống Sơn,COMMUNE,38,1391
15274,Xã Hà Long,COMMUNE,38,1392
15286,Xã Hoạt Giang,COMMUNE,38,1393
15298,Xã Lĩnh Toại,COMMUNE,38,1394
16021,Xã Triệu Lộc,COMMUNE,38,1395
16033,Xã Đông Thành,COMMUNE,38,1396
16012,Xã Hậu Lộc,COMMUNE,38,1397
16063,Xã Hoa Lộc,COMMUNE,38,1398
16078,Xã Vạn Lộc,COMMUNE,38,1399
16093,Xã Nga Sơn,COMMUNE,38,1400
16114,Xã Nga Thắng,COMMUNE,38,1401
16138,Xã Hồ Vương,COMMUNE,38,1402
16108,Xã Tân Tiến,COMMUNE,38,1403
16144,Xã Nga An,COMMUNE,38,1404
16171,Xã Ba Đình,COMMUNE,38,1405
15865,Xã Hoằng Hóa,COMMUNE,38,1406
15991,Xã Hoằng Tiến,COMMUNE,38,1407
16000,Xã Hoằng Thanh,COMMUNE,38,1408
15961,Xã Hoằng Lộc,COMMUNE,38,1409
15976,Xã Hoằng Châu,COMMUNE,38,1410
15910,Xã Hoằng Sơn,COMMUNE,38,1411
15889,Xã Hoằng Phú,COMMUNE,38,1412
15880,Xã Hoằng Giang,COMMUNE,38,1413
16438,Xã Lưu Vệ,COMMUNE,38,1414
16480,Xã Quảng Yên,COMMUNE,38,1415
16498,Xã Quảng Ngọc,COMMUNE,38,1416
16540,Xã Quảng Ninh,COMMUNE,38,1417
16543,Xã Quảng Bình,COMMUNE,38,1418
16549,Xã Tiên Trang,COMMUNE,38,1419
16489,Xã Quảng Chính,COMMUNE,38,1420
16279,Xã Nông Cống,COMMUNE,38,1421
16309,Xã Thắng Lợi,COMMUNE,38,1422
16297,Xã Trung Chính,COMMUNE,38,1423
16348,Xã Trường Văn,COMMUNE,38,1424
16342,Xã Thăng Bình,COMMUNE,38,1425
16363,Xã Tượng Lĩnh,COMMUNE,38,1426
16369,Xã Công Chính,COMMUNE,38,1427
15772,Xã Thiệu Hóa,COMMUNE,38,1428
15796,Xã Thiệu Quang,COMMUNE,38,1429
15778,Xã Thiệu Tiến,COMMUNE,38,1430
15820,Xã Thiệu Toán,COMMUNE,38,1431
15835,Xã Thiệu Trung,COMMUNE,38,1432
15469,Xã Yên Định,COMMUNE,38,1433
15421,Xã Yên Trường,COMMUNE,38,1434
15409,Xã Yên Phú,COMMUNE,38,1435
15412,Xã Quý Lộc,COMMUNE,38,1436
15442,Xã Yên Ninh,COMMUNE,38,1437
15457,Xã Định Tân,COMMUNE,38,1438
15448,Xã Định Hòa,COMMUNE,38,1439
15499,Xã Thọ Xuân,COMMUNE,38,1440
15505,Xã Thọ Long,COMMUNE,38,1441
15520,Xã Xuân Hòa,COMMUNE,38,1442
15553,Xã Sao Vàng,COMMUNE,38,1443
15544,Xã Lam Sơn,COMMUNE,38,1444
15568,Xã Thọ Lập,COMMUNE,38,1445
15574,Xã Xuân Tín,COMMUNE,38,1446
15592,Xã Xuân Lập,COMMUNE,38,1447
15349,Xã Vĩnh Lộc,COMMUNE,38,1448
15361,Xã Tây Đô,COMMUNE,38,1449
15382,Xã Biện Thượng,COMMUNE,38,1450
15664,Xã Triệu Sơn,COMMUNE,38,1451
15667,Xã Thọ Bình,COMMUNE,38,1452
15754,Xã Thọ Ngọc,COMMUNE,38,1453
15763,Xã Thọ Phú,COMMUNE,38,1454
15682,Xã Hợp Tiến,COMMUNE,38,1455
15766,Xã An Nông,COMMUNE,38,1456
15718,Xã Tân Ninh,COMMUNE,38,1457
15724,Xã Đồng Tiến,COMMUNE,38,1458
14866,Xã Mường Chanh,COMMUNE,38,1459
14860,Xã Quang Chiểu,COMMUNE,38,1460
14848,Xã Tam Chung,COMMUNE,38,1461
14845,Xã Mường Lát,COMMUNE,38,1462
14863,Xã Pù Nhi,COMMUNE,38,1463
14864,Xã Nhi Sơn,COMMUNE,38,1464
14854,Xã Mường Lý,COMMUNE,38,1465
14857,Xã Trung Lý,COMMUNE,38,1466
14869,Xã Hồi Xuân,COMMUNE,38,1467
14902,Xã Nam Xuân,COMMUNE,38,1468
14908,Xã Thiên Phủ,COMMUNE,38,1469
14896,Xã Hiền Kiệt,COMMUNE,38,1470
14890,Xã Phú Xuân,COMMUNE,38,1471
14878,Xã Phú Lệ,COMMUNE,38,1472
14872,Xã Trung Thành,COMMUNE,38,1473
14875,Xã Trung Sơn,COMMUNE,38,1474
15013,Xã Na Mèo,COMMUNE,38,1475
15010,Xã Sơn Thủy,COMMUNE,38,1476
15022,Xã Sơn Điện,COMMUNE,38,1477
15025,Xã Mường Mìn,COMMUNE,38,1478
15007,Xã Tam Thanh,COMMUNE,38,1479
15019,Xã Tam Lư,COMMUNE,38,1480
15016,Xã Quan Sơn,COMMUNE,38,1481
15001,Xã Trung Hạ,COMMUNE,38,1482
15055,Xã Linh Sơn,COMMUNE,38,1483
15058,Xã Đồng Lương,COMMUNE,38,1484
15049,Xã Văn Phú,COMMUNE,38,1485
15043,Xã Giao An,COMMUNE,38,1486
15031,Xã Yên Khương,COMMUNE,38,1487
15034,Xã Yên Thắng,COMMUNE,38,1488
14974,Xã Văn Nho,COMMUNE,38,1489
14980,Xã Thiết Ống,COMMUNE,38,1490
14923,Xã Bá Thước,COMMUNE,38,1491
14959,Xã Cổ Lũng,COMMUNE,38,1492
14956,Xã Pù Luông,COMMUNE,38,1493
14950,Xã Điền Lư,COMMUNE,38,1494
14932,Xã Điền Quang,COMMUNE,38,1495
14953,Xã Quý Lương,COMMUNE,38,1496
15061,Xã Ngọc Lặc,COMMUNE,38,1497
15085,Xã Thạch Lập,COMMUNE,38,1498
15091,Xã Ngọc Liên,COMMUNE,38,1499
15124,Xã Minh Sơn,COMMUNE,38,1500
15115,Xã Nguyệt Ấn,COMMUNE,38,1501
15118,Xã Kiên Thọ,COMMUNE,38,1502
15142,Xã Cẩm Thạch,COMMUNE,38,1503
15127,Xã Cẩm Thủy,COMMUNE,38,1504
15148,Xã Cẩm Tú,COMMUNE,38,1505
15163,Xã Cẩm Vân,COMMUNE,38,1506
15178,Xã Cẩm Tân,COMMUNE,38,1507
15187,Xã Kim Tân,COMMUNE,38,1508
15190,Xã Vân Du,COMMUNE,38,1509
15250,Xã Ngọc Trạo,COMMUNE,38,1510
15211,Xã Thạch Bình,COMMUNE,38,1511
15229,Xã Thành Vinh,COMMUNE,38,1512
15199,Xã Thạch Quảng,COMMUNE,38,1513
16174,Xã Như Xuân,COMMUNE,38,1514
16225,Xã Thượng Ninh,COMMUNE,38,1515
16177,Xã Xuân Bình,COMMUNE,38,1516
16186,Xã Hóa Quỳ,COMMUNE,38,1517
16207,Xã Thanh Quân,COMMUNE,38,1518
16219,Xã Thanh Phong,COMMUNE,38,1519
16234,Xã Xuân Du,COMMUNE,38,1520
16249,Xã Mậu Lâm,COMMUNE,38,1521
16228,Xã Như Thanh,COMMUNE,38,1522
16264,Xã Yên Thọ,COMMUNE,38,1523
16258,Xã Xuân Thái,COMMUNE,38,1524
16273,Xã Thanh Kỳ,COMMUNE,38,1525
15607,Xã Bát Mọt,COMMUNE,38,1526
15610,Xã Yên Nhân,COMMUNE,38,1527
15628,Xã Lương Sơn,COMMUNE,38,1528
15646,Xã Thường Xuân,COMMUNE,38,1529
15634,Xã Luận Thành,COMMUNE,38,1530
15661,Xã Tân Thành,COMMUNE,38,1531
15622,Xã Vạn Xuân,COMMUNE,38,1532
15643,Xã Thắng Lộc,COMMUNE,38,1533
15658,Xã Xuân Chinh,COMMUNE,38,1534
17329,Xã Anh Sơn,COMMUNE,40,1535
17380,Xã Yên Xuân,COMMUNE,40,1536
17344,Xã Nhân Hòa,COMMUNE,40,1537
17365,Xã Anh Sơn Đông,COMMUNE,40,1538
17357,Xã Vĩnh Tường,COMMUNE,40,1539
17335,Xã Thành Bình Thọ,COMMUNE,40,1540
17254,Xã Con Cuông,COMMUNE,40,1541
17263,Xã Môn Sơn,COMMUNE,40,1542
17239,Xã Mậu Thạch,COMMUNE,40,1543
17242,Xã Cam Phục,COMMUNE,40,1544
17248,Xã Châu Khê,COMMUNE,40,1545
17230,Xã Bình Chuẩn,COMMUNE,40,1546
17464,Xã Diễn Châu,COMMUNE,40,1547
17416,Xã Đức Châu,COMMUNE,40,1548
17443,Xã Quảng Châu,COMMUNE,40,1549
17419,Xã Hải Châu,COMMUNE,40,1550
17488,Xã Tân Châu,COMMUNE,40,1551
17479,Xã An Châu,COMMUNE,40,1552
17476,Xã Minh Châu,COMMUNE,40,1553
17395,Xã Hùng Châu,COMMUNE,40,1554
17662,Xã Đô Lương,COMMUNE,40,1555
17623,Xã Bạch Ngọc,COMMUNE,40,1556
17677,Xã Văn Hiến,COMMUNE,40,1557
17707,Xã Bạch Hà,COMMUNE,40,1558
17689,Xã Thuần Trung,COMMUNE,40,1559
17641,Xã Lương Sơn,COMMUNE,40,1560
17110,Phường Hoàng Mai,WARD,40,1561
17128,Phường Tân Mai,WARD,40,1562
17125,Phường Quỳnh Mai,WARD,40,1563
18001,Xã Hưng Nguyên,COMMUNE,40,1564
18007,Xã Yên Trung,COMMUNE,40,1565
18028,Xã Hưng Nguyên Nam,COMMUNE,40,1566
18040,Xã Lam Thành,COMMUNE,40,1567
16813,Xã Mường Xén,COMMUNE,40,1568
16849,Xã Hữu Kiệm,COMMUNE,40,1569
16837,Xã Nậm Cắn,COMMUNE,40,1570
16855,Xã Chiêu Lưu,COMMUNE,40,1571
16834,Xã Na Loi,COMMUNE,40,1572
16858,Xã Mường Típ,COMMUNE,40,1573
16870,Xã Na Ngoi,COMMUNE,40,1574
16816,Xã Mỹ Lý,COMMUNE,40,1575
16819,Xã Bắc Lý,COMMUNE,40,1576
16822,Xã Keng Đu,COMMUNE,40,1577
16828,Xã Huồi Tụ,COMMUNE,40,1578
16831,Xã Mường Lống,COMMUNE,40,1579
17950,Xã Vạn An,COMMUNE,40,1580
17935,Xã Nam Đàn,COMMUNE,40,1581
17944,Xã Đại Huệ,COMMUNE,40,1582
17989,Xã Thiên Nhẫn,COMMUNE,40,1583
17971,Xã Kim Liên,COMMUNE,40,1584
16941,Xã Nghĩa Đàn,COMMUNE,40,1585
16969,Xã Nghĩa Thọ,COMMUNE,40,1586
16951,Xã Nghĩa Lâm,COMMUNE,40,1587
16975,Xã Nghĩa Mai,COMMUNE,40,1588
16972,Xã Nghĩa Hưng,COMMUNE,40,1589
17032,Xã Nghĩa Khánh,COMMUNE,40,1590
17029,Xã Nghĩa Lộc,COMMUNE,40,1591
17827,Xã Nghi Lộc,COMMUNE,40,1592
17857,Xã Phúc Lộc,COMMUNE,40,1593
17878,Xã Đông Lộc,COMMUNE,40,1594
17866,Xã Trung Lộc,COMMUNE,40,1595
17842,Xã Thần Lĩnh,COMMUNE,40,1596
17833,Xã Hải Lộc,COMMUNE,40,1597
17854,Xã Văn Kiều,COMMUNE,40,1598
16738,Xã Quế Phong,COMMUNE,40,1599
16750,Xã Tiền Phong,COMMUNE,40,1600
16756,Xã Tri Lễ,COMMUNE,40,1601
16774,Xã Mường Quàng,COMMUNE,40,1602
16744,Xã Thông Thụ,COMMUNE,40,1603
16777,Xã Quỳ Châu,COMMUNE,40,1604
16792,Xã Châu Tiến,COMMUNE,40,1605
16801,Xã Hùng Chân,COMMUNE,40,1606
16804,Xã Châu Bình,COMMUNE,40,1607
17035,Xã Quỳ Hợp,COMMUNE,40,1608
17059,Xã Tam Hợp,COMMUNE,40,1609
17056,Xã Châu Lộc,COMMUNE,40,1610
17044,Xã Châu Hồng,COMMUNE,40,1611
17077,Xã Mường Ham,COMMUNE,40,1612
17089,Xã Mường Chọng,COMMUNE,40,1613
17071,Xã Minh Hợp,COMMUNE,40,1614
17179,Xã Quỳnh Lưu,COMMUNE,40,1615
17143,Xã Quỳnh Văn,COMMUNE,40,1616
17176,Xã Quỳnh Anh,COMMUNE,40,1617
17149,Xã Quỳnh Tam,COMMUNE,40,1618
17212,Xã Quỳnh Phú,COMMUNE,40,1619
17152,Xã Quỳnh Sơn,COMMUNE,40,1620
17224,Xã Quỳnh Thắng,COMMUNE,40,1621
17266,Xã Tân Kỳ,COMMUNE,40,1622
17272,Xã Tân Phú,COMMUNE,40,1623
17305,Xã Tân An,COMMUNE,40,1624
17284,Xã Nghĩa Đồng,COMMUNE,40,1625
17278,Xã Giai Xuân,COMMUNE,40,1626
17326,Xã Nghĩa Hành,COMMUNE,40,1627
17287,Xã Tiên Đồng,COMMUNE,40,1628
16939,Phường Thái Hòa,WARD,40,1629
16994,Phường Tây Hiếu,WARD,40,1630
17017,Xã Đông Hiếu,COMMUNE,40,1631
17728,Xã Cát Ngạn,COMMUNE,40,1632
17743,Xã Tam Đồng,COMMUNE,40,1633
17722,Xã Hạnh Lâm,COMMUNE,40,1634
17759,Xã Sơn Lâm,COMMUNE,40,1635
17770,Xã Hoa Quân,COMMUNE,40,1636
17791,Xã Kim Bảng,COMMUNE,40,1637
17818,Xã Bích Hào,COMMUNE,40,1638
17713,Xã Đại Đồng,COMMUNE,40,1639
17779,Xã Xuân Lâm,COMMUNE,40,1640
16933,Xã Tam Quang,COMMUNE,40,1641
16936,Xã Tam Thái,COMMUNE,40,1642
16876,Xã Tương Dương,COMMUNE,40,1643
16906,Xã Lượng Minh,COMMUNE,40,1644
16912,Xã Yên Na,COMMUNE,40,1645
16909,Xã Yên Hòa,COMMUNE,40,1646
16903,Xã Nga My,COMMUNE,40,1647
16885,Xã Hữu Khuông,COMMUNE,40,1648
16882,Xã Nhôn Mai,COMMUNE,40,1649
16690,Phường Trường Vinh,WARD,40,1650
16681,Phường Thành Vinh,WARD,40,1651
17920,Phường Vinh Hưng,WARD,40,1652
16702,Phường Vinh Phú,WARD,40,1653
16708,Phường Vinh Lộc,WARD,40,1654
16732,Phường Cửa Lò,WARD,40,1655
17506,Xã Yên Thành,COMMUNE,40,1656
17569,Xã Quan Thành,COMMUNE,40,1657
17605,Xã Hợp Minh,COMMUNE,40,1658
17611,Xã Vân Tụ,COMMUNE,40,1659
17560,Xã Vân Du,COMMUNE,40,1660
17521,Xã Quang Đồng,COMMUNE,40,1661
17524,Xã Giai Lạc,COMMUNE,40,1662
17515,Xã Bình Minh,COMMUNE,40,1663
17530,Xã Đông Thành,COMMUNE,40,1664
18754,Phường Sông Trí,WARD,42,1665
18781,Phường Hải Ninh,WARD,42,1666
18832,Phường Hoành Sơn,WARD,42,1667
18823,Phường Vũng Áng,WARD,42,1668
18766,Xã Kỳ Xuân,COMMUNE,42,1669
18775,Xã Kỳ Anh,COMMUNE,42,1670
18814,Xã Kỳ Hoa,COMMUNE,42,1671
18787,Xã Kỳ Văn,COMMUNE,42,1672
18790,Xã Kỳ Khang,COMMUNE,42,1673
18838,Xã Kỳ Lạc,COMMUNE,42,1674
18844,Xã Kỳ Thượng,COMMUNE,42,1675
18673,Xã Cẩm Xuyên,COMMUNE,42,1676
18676,Xã Thiên Cầm,COMMUNE,42,1677
18739,Xã Cẩm Duệ,COMMUNE,42,1678
18736,Xã Cẩm Hưng,COMMUNE,42,1679
18748,Xã Cẩm Lạc,COMMUNE,42,1680
18742,Xã Cẩm Trung,COMMUNE,42,1681
18682,Xã Yên Hòa,COMMUNE,42,1682
18073,Phường Thành Sen,WARD,42,1683
18100,Phường Trần Phú,WARD,42,1684
18652,Phường Hà Huy Tập,WARD,42,1685
18628,Xã Thạch Lạc,COMMUNE,42,1686
18619,Xã Đồng Tiến,COMMUNE,42,1687
18604,Xã Thạch Khê,COMMUNE,42,1688
18685,Xã Cẩm Bình,COMMUNE,42,1689
18562,Xã Thạch Hà,COMMUNE,42,1690
18634,Xã Toàn Lưu,COMMUNE,42,1691
18601,Xã Việt Xuyên,COMMUNE,42,1692
18586,Xã Đông Kinh,COMMUNE,42,1693
18667,Xã Thạch Xuân,COMMUNE,42,1694
18568,Xã Lộc Hà,COMMUNE,42,1695
18409,Xã Hồng Lộc,COMMUNE,42,1696
18583,Xã Mai Phụ,COMMUNE,42,1697
18406,Xã Can Lộc,COMMUNE,42,1698
18418,Xã Tùng Lộc,COMMUNE,42,1699
18466,Xã Gia Hanh,COMMUNE,42,1700
18436,Xã Trường Lưu,COMMUNE,42,1701
18481,Xã Xuân Lộc,COMMUNE,42,1702
18484,Xã Đồng Lộc,COMMUNE,42,1703
18115,Phường Bắc Hồng Lĩnh,WARD,42,1704
18118,Phường Nam Hồng Lĩnh,WARD,42,1705
18373,Xã Tiên Điền,COMMUNE,42,1706
18352,Xã Nghi Xuân,COMMUNE,42,1707
18394,Xã Cổ Đạm,COMMUNE,42,1708
18364,Xã Đan Hải,COMMUNE,42,1709
18229,Xã Đức Thọ,COMMUNE,42,1710
18262,Xã Đức Quang,COMMUNE,42,1711
18304,Xã Đức Đồng,COMMUNE,42,1712
18277,Xã Đức Thịnh,COMMUNE,42,1713
18244,Xã Đức Minh,COMMUNE,42,1714
18133,Xã Hương Sơn,COMMUNE,42,1715
18172,Xã Sơn Tây,COMMUNE,42,1716
18202,Xã Tứ Mỹ,COMMUNE,42,1717
18184,Xã Sơn Giang,COMMUNE,42,1718
18163,Xã Sơn Tiến,COMMUNE,42,1719
18160,Xã Sơn Hồng,COMMUNE,42,1720
18223,Xã Kim Hoa,COMMUNE,42,1721
18313,Xã Vũ Quang,COMMUNE,42,1722
18322,Xã Mai Hoa,COMMUNE,42,1723
18328,Xã Thượng Đức,COMMUNE,42,1724
18496,Xã Hương Khê,COMMUNE,42,1725
18532,Xã Hương Phố,COMMUNE,42,1726
18550,Xã Hương Đô,COMMUNE,42,1727
18502,Xã Hà Linh,COMMUNE,42,1728
18523,Xã Hương Bình,COMMUNE,42,1729
18547,Xã Phúc Trạch,COMMUNE,42,1730
18544,Xã Hương Xuân,COMMUNE,42,1731
18196,Xã Sơn Kim 1,COMMUNE,42,1732
18199,Xã Sơn Kim 2,COMMUNE,42,1733
18880,Phường Đồng Hới,WARD,44,1734
18859,Phường Đồng Thuận,WARD,44,1735
18871,Phường Đồng Sơn,WARD,44,1736
19093,Xã Nam Gianh,COMMUNE,44,1737
19075,Xã Nam Ba Đồn,COMMUNE,44,1738
19009,Phường Ba Đồn,WARD,44,1739
19066,Phường Bắc Gianh,WARD,44,1740
18904,Xã Dân Hóa,COMMUNE,44,1741
18922,Xã Kim Điền,COMMUNE,44,1742
18943,Xã Kim Phú,COMMUNE,44,1743
18901,Xã Minh Hóa,COMMUNE,44,1744
18919,Xã Tân Thành,COMMUNE,44,1745
18958,Xã Tuyên Lâm,COMMUNE,44,1746
18952,Xã Tuyên Sơn,COMMUNE,44,1747
18949,Xã Đồng Lê,COMMUNE,44,1748
18985,Xã Tuyên Phú,COMMUNE,44,1749
18991,Xã Tuyên Bình,COMMUNE,44,1750
18997,Xã Tuyên Hóa,COMMUNE,44,1751
19051,Xã Tân Gianh,COMMUNE,44,1752
19030,Xã Trung Thuần,COMMUNE,44,1753
19057,Xã Quảng Trạch,COMMUNE,44,1754
19033,Xã Hòa Trạch,COMMUNE,44,1755
19021,Xã Phú Trạch,COMMUNE,44,1756
19147,Xã Thượng Trạch,COMMUNE,44,1757
19165,Xã Phong Nha,COMMUNE,44,1758
19126,Xã Bắc Trạch,COMMUNE,44,1759
19159,Xã Đông Trạch,COMMUNE,44,1760
19111,Xã Hoàn Lão,COMMUNE,44,1761
19141,Xã Bố Trạch,COMMUNE,44,1762
19198,Xã Nam Trạch,COMMUNE,44,1763
19207,Xã Quảng Ninh,COMMUNE,44,1764
19225,Xã Ninh Châu,COMMUNE,44,1765
19237,Xã Trường Ninh,COMMUNE,44,1766
19204,Xã Trường Sơn,COMMUNE,44,1767
19249,Xã Lệ Thủy,COMMUNE,44,1768
19255,Xã Cam Hồng,COMMUNE,44,1769
19288,Xã Sen Ngư,COMMUNE,44,1770
19291,Xã Tân Mỹ,COMMUNE,44,1771
19309,Xã Trường Phú,COMMUNE,44,1772
19246,Xã Lệ Ninh,COMMUNE,44,1773
19318,Xã Kim Ngân,COMMUNE,44,1774
19333,Phường Đông Hà,WARD,44,1775
19351,Phường Nam Đông Hà,WARD,44,1776
19360,Phường Quảng Trị,WARD,44,1777
19363,Xã Vĩnh Linh,COMMUNE,44,1778
19414,Xã Cửa Tùng,COMMUNE,44,1779
19372,Xã Vĩnh Hoàng,COMMUNE,44,1780
19405,Xã Vĩnh Thủy,COMMUNE,44,1781
19366,Xã Bến Quan,COMMUNE,44,1782
19537,Xã Cồn Tiên,COMMUNE,44,1783
19496,Xã Cửa Việt,COMMUNE,44,1784
19495,Xã Gio Linh,COMMUNE,44,1785
19501,Xã Bến Hải,COMMUNE,44,1786
19435,Xã Hướng Lập,COMMUNE,44,1787
19441,Xã Hướng Phùng,COMMUNE,44,1788
19429,Xã Khe Sanh,COMMUNE,44,1789
19462,Xã Tân Lập,COMMUNE,44,1790
19432,Xã Lao Bảo,COMMUNE,44,1791
19489,Xã Lìa,COMMUNE,44,1792
19483,Xã A Dơi,COMMUNE,44,1793
19594,Xã La Lay,COMMUNE,44,1794
19588,Xã Tà Rụt,COMMUNE,44,1795
19564,Xã Đakrông,COMMUNE,44,1796
19567,Xã Ba Lòng,COMMUNE,44,1797
19555,Xã Hướng Hiệp,COMMUNE,44,1798
19597,Xã Cam Lộ,COMMUNE,44,1799
19603,Xã Hiếu Giang,COMMUNE,44,1800
19624,Xã Triệu Phong,COMMUNE,44,1801
19669,Xã Ái Tử,COMMUNE,44,1802
19645,Xã Triệu Bình,COMMUNE,44,1803
19654,Xã Triệu Cơ,COMMUNE,44,1804
19639,Xã Nam Cửa Việt,COMMUNE,44,1805
19681,Xã Diên Sanh,COMMUNE,44,1806
19741,Xã Mỹ Thủy,COMMUNE,44,1807
19702,Xã Hải Lăng,COMMUNE,44,1808
19699,Xã Vĩnh Định,COMMUNE,44,1809
19735,Xã Nam Hải Lăng,COMMUNE,44,1810
19742,Đặc khu Cồn Cỏ,SPECIAL_ZONE,44,1811
19900,Phường Thuận An,WARD,46,1812
20014,Phường Hóa Châu,WARD,46,1813
19930,Phường Mỹ Thượng,WARD,46,1814
19777,Phường Vỹ Dạ,WARD,46,1815
19786,Phường Thuận Hóa,WARD,46,1816
19815,Phường An Cựu,WARD,46,1817
19813,Phường Thủy Xuân,WARD,46,1818
19810,Phường Kim Long,WARD,46,1819
20023,Phường Hương An,WARD,46,1820
19768,Phường Phú Xuân,WARD,46,1821
19996,Phường Hương Trà,WARD,46,1822
20017,Phường Kim Trà,WARD,46,1823
19969,Phường Thanh Thủy,WARD,46,1824
19975,Phường Hương Thủy,WARD,46,1825
19960,Phường Phú Bài,WARD,46,1826
19819,Phường Phong Điền,WARD,46,1827
19864,Phường Phong Thái,WARD,46,1828
19831,Phường Phong Dinh,WARD,46,1829
19828,Phường Phong Phú,WARD,46,1830
19873,Phường Phong Quảng,WARD,46,1831
19885,Xã Đan Điền,COMMUNE,46,1832
19867,Xã Quảng Điền,COMMUNE,46,1833
19945,Xã Phú Vinh,COMMUNE,46,1834
19918,Xã Phú Hồ,COMMUNE,46,1835
19942,Xã Phú Vang,COMMUNE,46,1836
20122,Xã Vinh Lộc,COMMUNE,46,1837
20131,Xã Hưng Lộc,COMMUNE,46,1838
20140,Xã Lộc An,COMMUNE,46,1839
20107,Xã Phú Lộc,COMMUNE,46,1840
20152,Xã Chân Mây – Lăng Cô,COMMUNE,46,1841
20182,Xã Long Quảng,COMMUNE,46,1842
20179,Xã Nam Đông,COMMUNE,46,1843
20161,Xã Khe Tre,COMMUNE,46,1844
20035,Xã Bình Điền,COMMUNE,46,1845
20056,Xã A Lưới 1,COMMUNE,46,1846
20044,Xã A Lưới 2,COMMUNE,46,1847
20071,Xã A Lưới 3,COMMUNE,46,1848
20101,Xã A Lưới 4,COMMUNE,46,1849
20050,Xã A Lưới 5,COMMUNE,46,1850
19909,Phường Dương Nỗ,WARD,46,1851
20242,Phường Hải Châu,WARD,48,1852
20257,Phường Hòa Cường,WARD,48,1853
20209,Phường Thanh Khê,WARD,48,1854
20224,Phường An Khê,WARD,48,1855
20275,Phường An Hải,WARD,48,1856
20263,Phường Sơn Trà,WARD,48,1857
20285,Phường Ngũ Hành Sơn,WARD,48,1858
20200,Phường Hòa Khánh,WARD,48,1859
20195,Phường Hải Vân,WARD,48,1860
20197,Phường Liên Chiểu,WARD,48,1861
20260,Phường Cẩm Lệ,WARD,48,1862
20314,Phường Hòa Xuân,WARD,48,1863
20320,Xã Hòa Vang,COMMUNE,48,1864
20332,Xã Hòa Tiến,COMMUNE,48,1865
20308,Xã Bà Nà,COMMUNE,48,1866
20333,Đặc khu Hoàng Sa,SPECIAL_ZONE,48,1867
20965,Xã Núi Thành,COMMUNE,48,1868
21004,Xã Tam Mỹ,COMMUNE,48,1869
20984,Xã Tam Anh,COMMUNE,48,1870
20977,Xã Đức Phú,COMMUNE,48,1871
20971,Xã Tam Xuân,COMMUNE,48,1872
20992,Xã Tam Hải,COMMUNE,48,1873
20341,Phường Tam Kỳ,WARD,48,1874
20356,Phường Quảng Phú,WARD,48,1875
20350,Phường Hương Trà,WARD,48,1876
20335,Phường Bàn Thạch,WARD,48,1877
20380,Xã Tây Hồ,COMMUNE,48,1878
20364,Xã Chiên Đàn,COMMUNE,48,1879
20392,Xã Phú Ninh,COMMUNE,48,1880
20872,Xã Lãnh Ngọc,COMMUNE,48,1881
20854,Xã Tiên Phước,COMMUNE,48,1882
20878,Xã Thạnh Bình,COMMUNE,48,1883
20857,Xã Sơn Cẩm Hà,COMMUNE,48,1884
20908,Xã Trà Liên,COMMUNE,48,1885
20929,Xã Trà Giáp,COMMUNE,48,1886
20923,Xã Trà Tân,COMMUNE,48,1887
20920,Xã Trà Đốc,COMMUNE,48,1888
20900,Xã Trà My,COMMUNE,48,1889
20944,Xã Nam Trà My,COMMUNE,48,1890
20941,Xã Trà Tập,COMMUNE,48,1891
20959,Xã Trà Vân,COMMUNE,48,1892
20950,Xã Trà Linh,COMMUNE,48,1893
20938,Xã Trà Leng,COMMUNE,48,1894
20791,Xã Thăng Bình,COMMUNE,48,1895
20794,Xã Thăng An,COMMUNE,48,1896
20836,Xã Thăng Trường,COMMUNE,48,1897
20848,Xã Thăng Điền,COMMUNE,48,1898
20827,Xã Thăng Phú,COMMUNE,48,1899
20818,Xã Đồng Dương,COMMUNE,48,1900
20662,Xã Quế Sơn Trung,COMMUNE,48,1901
20641,Xã Quế Sơn,COMMUNE,48,1902
20650,Xã Xuân Phú,COMMUNE,48,1903
20656,Xã Nông Sơn,COMMUNE,48,1904
20669,Xã Quế Phước,COMMUNE,48,1905
20635,Xã Duy Nghĩa,COMMUNE,48,1906
20599,Xã Nam Phước,COMMUNE,48,1907
20623,Xã Duy Xuyên,COMMUNE,48,1908
20611,Xã Thu Bồn,COMMUNE,48,1909
20551,Phường Điện Bàn,WARD,48,1910
20579,Phường Điện Bàn Đông,WARD,48,1911
20575,Phường An Thắng,WARD,48,1912
20557,Phường Điện Bàn Bắc,WARD,48,1913
20569,Xã Điện Bàn Tây,COMMUNE,48,1914
20587,Xã Gò Nổi,COMMUNE,48,1915
20410,Phường Hội An,WARD,48,1916
20413,Phường Hội An Đông,WARD,48,1917
20401,Phường Hội An Tây,WARD,48,1918
20434,Xã Tân Hiệp,COMMUNE,48,1919
20500,Xã Đại Lộc,COMMUNE,48,1920
20515,Xã Hà Nha,COMMUNE,48,1921
20506,Xã Thượng Đức,COMMUNE,48,1922
20539,Xã Vu Gia,COMMUNE,48,1923
20542,Xã Phú Thuận,COMMUNE,48,1924
20695,Xã Thạnh Mỹ,COMMUNE,48,1925
20710,Xã Bến Giằng,COMMUNE,48,1926
20707,Xã Nam Giang,COMMUNE,48,1927
20716,Xã Đắc Pring,COMMUNE,48,1928
20704,Xã La Dêê,COMMUNE,48,1929
20698,Xã La Êê,COMMUNE,48,1930
20485,Xã Sông Vàng,COMMUNE,48,1931
20476,Xã Sông Kôn,COMMUNE,48,1932
20467,Xã Đông Giang,COMMUNE,48,1933
20494,Xã Bến Hiên,COMMUNE,48,1934
20458,Xã Avương,COMMUNE,48,1935
20455,Xã Tây Giang,COMMUNE,48,1936
20443,Xã Hùng Sơn,COMMUNE,48,1937
20779,Xã Hiệp Đức,COMMUNE,48,1938
20767,Xã Việt An,COMMUNE,48,1939
20770,Xã Phước Trà,COMMUNE,48,1940
20722,Xã Khâm Đức,COMMUNE,48,1941
20734,Xã Phước Năng,COMMUNE,48,1942
20740,Xã Phước Chánh,COMMUNE,48,1943
20752,Xã Phước Thành,COMMUNE,48,1944
20728,Xã Phước Hiệp,COMMUNE,48,1945
21211,Xã Tịnh Khê,COMMUNE,51,1946
21172,Phường Trương Quang Trọng,WARD,51,1947
21034,Xã An Phú,COMMUNE,51,1948
21025,Phường Cẩm Thành,WARD,51,1949
21028,Phường Nghĩa Lộ,WARD,51,1950
21451,Phường Trà Câu,WARD,51,1951
21457,Xã Nguyễn Nghiêm,COMMUNE,51,1952
21439,Phường Đức Phổ,WARD,51,1953
21472,Xã Khánh Cường,COMMUNE,51,1954
21478,Phường Sa Huỳnh,WARD,51,1955
21085,Xã Bình Minh,COMMUNE,51,1956
21100,Xã Bình Chương,COMMUNE,51,1957
21040,Xã Bình Sơn,COMMUNE,51,1958
21061,Xã Vạn Tường,COMMUNE,51,1959
21109,Xã Đông Sơn,COMMUNE,51,1960
21196,Xã Trường Giang,COMMUNE,51,1961
21205,Xã Ba Gia,COMMUNE,51,1962
21220,Xã Sơn Tịnh,COMMUNE,51,1963
21181,Xã Thọ Phong,COMMUNE,51,1964
21235,Xã Tư Nghĩa,COMMUNE,51,1965
21238,Xã Vệ Giang,COMMUNE,51,1966
21250,Xã Nghĩa Giang,COMMUNE,51,1967
21244,Xã Trà Giang,COMMUNE,51,1968
21364,Xã Nghĩa Hành,COMMUNE,51,1969
21385,Xã Đình Cương,COMMUNE,51,1970
21388,Xã Thiện Tín,COMMUNE,51,1971
21370,Xã Phước Giang,COMMUNE,51,1972
21409,Xã Long Phụng,COMMUNE,51,1973
21421,Xã Mỏ Cày,COMMUNE,51,1974
21400,Xã Mộ Đức,COMMUNE,51,1975
21433,Xã Lân Phong,COMMUNE,51,1976
21115,Xã Trà Bồng,COMMUNE,51,1977
21127,Xã Đông Trà Bồng,COMMUNE,51,1978
21154,Xã Tây Trà,COMMUNE,51,1979
21124,Xã Thanh Bồng,COMMUNE,51,1980
21136,Xã Cà Đam,COMMUNE,51,1981
21157,Xã Tây Trà Bồng,COMMUNE,51,1982
21292,Xã Sơn Hạ,COMMUNE,51,1983
21307,Xã Sơn Linh,COMMUNE,51,1984
21289,Xã Sơn Hà,COMMUNE,51,1985
21319,Xã Sơn Thủy,COMMUNE,51,1986
21325,Xã Sơn Kỳ,COMMUNE,51,1987
21340,Xã Sơn Tây,COMMUNE,51,1988
21334,Xã Sơn Tây Thượng,COMMUNE,51,1989
21343,Xã Sơn Tây Hạ,COMMUNE,51,1990
21361,Xã Minh Long,COMMUNE,51,1991
21349,Xã Sơn Mai,COMMUNE,51,1992
21529,Xã Ba Vì,COMMUNE,51,1993
21523,Xã Ba Tô,COMMUNE,51,1994
21499,Xã Ba Dinh,COMMUNE,51,1995
21484,Xã Ba Tơ,COMMUNE,51,1996
21490,Xã Ba Vinh,COMMUNE,51,1997
21496,Xã Ba Động,COMMUNE,51,1998
21520,Xã Đặng Thùy Trâm,COMMUNE,51,1999
21538,Xã Ba Xa,COMMUNE,51,2000
21548,Đặc khu Lý Sơn,SPECIAL_ZONE,51,2001
23293,Phường Kon Tum,WARD,51,2002
23284,Phường Đăk Cấm,WARD,51,2003
23302,Phường Đăk BLa,WARD,51,2004
23317,Xã Ngọk Bay,COMMUNE,51,2005
23326,Xã Ia Chim,COMMUNE,51,2006
23332,Xã Đăk Rơ Wa,COMMUNE,51,2007
23504,Xã Đăk Pxi,COMMUNE,51,2008
23512,Xã Đăk Mar,COMMUNE,51,2009
23510,Xã Đăk Ui,COMMUNE,51,2010
23515,Xã Ngọk Réo,COMMUNE,51,2011
23500,Xã Đăk Hà,COMMUNE,51,2012
23428,Xã Ngọk Tụ,COMMUNE,51,2013
23401,Xã Đăk Tô,COMMUNE,51,2014
23430,Xã Kon Đào,COMMUNE,51,2015
23416,Xã Đăk Sao,COMMUNE,51,2016
23419,Xã Đăk Tờ Kan,COMMUNE,51,2017
23425,Xã Tu Mơ Rông,COMMUNE,51,2018
23446,Xã Măng Ri,COMMUNE,51,2019
23377,Xã Bờ Y,COMMUNE,51,2020
23392,Xã Sa Loong,COMMUNE,51,2021
23383,Xã Dục Nông,COMMUNE,51,2022
23356,Xã Xốp,COMMUNE,51,2023
23365,Xã Ngọc Linh,COMMUNE,51,2024
23344,Xã Đăk Plô,COMMUNE,51,2025
23341,Xã Đăk Pék,COMMUNE,51,2026
23374,Xã Đăk Môn,COMMUNE,51,2027
23527,Xã Sa Thầy,COMMUNE,51,2028
23534,Xã Sa Bình,COMMUNE,51,2029
23548,Xã Ya Ly,COMMUNE,51,2030
23538,Xã Ia Tơi,COMMUNE,51,2031
23485,Xã Đăk Kôi,COMMUNE,51,2032
23497,Xã Kon Braih,COMMUNE,51,2033
23479,Xã Đăk Rve,COMMUNE,51,2034
23473,Xã Măng Đen,COMMUNE,51,2035
23455,Xã Măng Bút,COMMUNE,51,2036
23476,Xã Kon Plông,COMMUNE,51,2037
23368,Xã Đăk Long,COMMUNE,51,2038
23530,Xã Rờ Kơi,COMMUNE,51,2039
23536,Xã Mô Rai,COMMUNE,51,2040
23535,Xã Ia Đal,COMMUNE,51,2041
21583,Phường Quy Nhơn,WARD,52,2042
21601,Phường Quy Nhơn Đông,WARD,52,2043
21589,Phường Quy Nhơn Tây,WARD,52,2044
21592,Phường Quy Nhơn Nam,WARD,52,2045
21553,Phường Quy Nhơn Bắc,WARD,52,2046
21907,Phường Bình Định,WARD,52,2047
21910,Phường An Nhơn,WARD,52,2048
21934,Phường An Nhơn Đông,WARD,52,2049
21943,Phường An Nhơn Nam,WARD,52,2050
21925,Phường An Nhơn Bắc,WARD,52,2051
21940,Xã An Nhơn Tây,COMMUNE,52,2052
21640,Phường Bồng Sơn,WARD,52,2053
21664,Phường Hoài Nhơn,WARD,52,2054
21637,Phường Tam Quan,WARD,52,2055
21670,Phường Hoài Nhơn Đông,WARD,52,2056
21661,Phường Hoài Nhơn Tây,WARD,52,2057
21673,Phường Hoài Nhơn Nam,WARD,52,2058
21655,Phường Hoài Nhơn Bắc,WARD,52,2059
21853,Xã Phù Cát,COMMUNE,52,2060
21892,Xã Xuân An,COMMUNE,52,2061
21889,Xã Ngô Mây,COMMUNE,52,2062
21898,Xã Cát Tiến,COMMUNE,52,2063
21862,Xã Đề Gi,COMMUNE,52,2064
21871,Xã Hòa Hội,COMMUNE,52,2065
21868,Xã Hội Sơn,COMMUNE,52,2066
21730,Xã Phù Mỹ,COMMUNE,52,2067
21769,Xã An Lương,COMMUNE,52,2068
21733,Xã Bình Dương,COMMUNE,52,2069
21751,Xã Phù Mỹ Đông,COMMUNE,52,2070
21757,Xã Phù Mỹ Tây,COMMUNE,52,2071
21775,Xã Phù Mỹ Nam,COMMUNE,52,2072
21739,Xã Phù Mỹ Bắc,COMMUNE,52,2073
21952,Xã Tuy Phước,COMMUNE,52,2074
21970,Xã Tuy Phước Đông,COMMUNE,52,2075
21985,Xã Tuy Phước Tây,COMMUNE,52,2076
21964,Xã Tuy Phước Bắc,COMMUNE,52,2077
21808,Xã Tây Sơn,COMMUNE,52,2078
21820,Xã Bình Khê,COMMUNE,52,2079
21835,Xã Bình Phú,COMMUNE,52,2080
21817,Xã Bình Hiệp,COMMUNE,52,2081
21829,Xã Bình An,COMMUNE,52,2082
21688,Xã Hoài Ân,COMMUNE,52,2083
21715,Xã Ân Tường,COMMUNE,52,2084
21727,Xã Kim Sơn,COMMUNE,52,2085
21703,Xã Vạn Đức,COMMUNE,52,2086
21697,Xã Ân Hảo,COMMUNE,52,2087
21994,Xã Vân Canh,COMMUNE,52,2088
22003,Xã Canh Vinh,COMMUNE,52,2089
21997,Xã Canh Liên,COMMUNE,52,2090
21786,Xã Vĩnh Thạnh,COMMUNE,52,2091
21796,Xã Vĩnh Thịnh,COMMUNE,52,2092
21805,Xã Vĩnh Quang,COMMUNE,52,2093
21787,Xã Vĩnh Sơn,COMMUNE,52,2094
21628,Xã An Hòa,COMMUNE,52,2095
21609,Xã An Lão,COMMUNE,52,2096
21616,Xã An Vinh,COMMUNE,52,2097
21622,Xã An Toàn,COMMUNE,52,2098
23575,Phường Pleiku,WARD,52,2099
23586,Phường Hội Phú,WARD,52,2100
23584,Phường Thống Nhất,WARD,52,2101
23563,Phường Diên Hồng,WARD,52,2102
23602,Phường An Phú,WARD,52,2103
23590,Xã Biển Hồ,COMMUNE,52,2104
23611,Xã Gào,COMMUNE,52,2105
23734,Xã Ia Ly,COMMUNE,52,2106
23722,Xã Chư Păh,COMMUNE,52,2107
23728,Xã Ia Khươl,COMMUNE,52,2108
23749,Xã Ia Phí,COMMUNE,52,2109
23887,Xã Chư Prông,COMMUNE,52,2110
23896,Xã Bàu Cạn,COMMUNE,52,2111
23911,Xã Ia Boòng,COMMUNE,52,2112
23935,Xã Ia Lâu,COMMUNE,52,2113
23926,Xã Ia Pia,COMMUNE,52,2114
23908,Xã Ia Tôr,COMMUNE,52,2115
23941,Xã Chư Sê,COMMUNE,52,2116
23947,Xã Bờ Ngoong,COMMUNE,52,2117
23977,Xã Ia Ko,COMMUNE,52,2118
23954,Xã Albá,COMMUNE,52,2119
23942,Xã Chư Pưh,COMMUNE,52,2120
23986,Xã Ia Le,COMMUNE,52,2121
23971,Xã Ia Hrú,COMMUNE,52,2122
23617,Phường An Khê,WARD,52,2123
23614,Phường An Bình,WARD,52,2124
23629,Xã Cửu An,COMMUNE,52,2125
23995,Xã Đak Pơ,COMMUNE,52,2126
24007,Xã Ya Hội,COMMUNE,52,2127
23638,Xã Kbang,COMMUNE,52,2128
23674,Xã Kông Bơ La,COMMUNE,52,2129
23668,Xã Tơ Tung,COMMUNE,52,2130
23647,Xã Sơn Lang,COMMUNE,52,2131
23644,Xã Đak Rong,COMMUNE,52,2132
23824,Xã Kông Chro,COMMUNE,52,2133
23833,Xã Ya Ma,COMMUNE,52,2134
23830,Xã Chư Krey,COMMUNE,52,2135
23839,Xã SRó,COMMUNE,52,2136
23842,Xã Đăk Song,COMMUNE,52,2137
23851,Xã Chơ Long,COMMUNE,52,2138
24044,Phường Ayun Pa,WARD,52,2139
24065,Xã Ia Rbol,COMMUNE,52,2140
24073,Xã Ia Sao,COMMUNE,52,2141
24043,Xã Phú Thiện,COMMUNE,52,2142
24049,Xã Chư A Thai,COMMUNE,52,2143
24061,Xã Ia Hiao,COMMUNE,52,2144
24013,Xã Pờ Tó,COMMUNE,52,2145
24022,Xã Ia Pa,COMMUNE,52,2146
24028,Xã Ia Tul,COMMUNE,52,2147
24076,Xã Phú Túc,COMMUNE,52,2148
24100,Xã Ia Dreh,COMMUNE,52,2149
24112,Xã Ia Rsai,COMMUNE,52,2150
24109,Xã Uar,COMMUNE,52,2151
23677,Xã Đak Đoa,COMMUNE,52,2152
23701,Xã Kon Gang,COMMUNE,52,2153
23710,Xã Ia Băng,COMMUNE,52,2154
23714,Xã KDang,COMMUNE,52,2155
23683,Xã Đak Sơmei,COMMUNE,52,2156
23794,Xã Mang Yang,COMMUNE,52,2157
23812,Xã Lơ Pang,COMMUNE,52,2158
23818,Xã Kon Chiêng,COMMUNE,52,2159
23799,Xã Hra,COMMUNE,52,2160
23798,Xã Ayun,COMMUNE,52,2161
23764,Xã Ia Grai,COMMUNE,52,2162
23776,Xã Ia Krái,COMMUNE,52,2163
23767,Xã Ia Hrung,COMMUNE,52,2164
23857,Xã Đức Cơ,COMMUNE,52,2165
23869,Xã Ia Dơk,COMMUNE,52,2166
23866,Xã Ia Krêl,COMMUNE,52,2167
21607,Xã Nhơn Châu,COMMUNE,52,2168
23917,Xã Ia Púch,COMMUNE,52,2169
23737,Xã Ia Mơ,COMMUNE,52,2170
23881,Xã Ia Pnôn,COMMUNE,52,2171
23884,Xã Ia Nan,COMMUNE,52,2172
23872,Xã Ia Dom,COMMUNE,52,2173
23788,Xã Ia Chia,COMMUNE,52,2174
23782,Xã Ia O,COMMUNE,52,2175
23650,Xã Krong,COMMUNE,52,2176
22366,Phường Nha Trang,WARD,56,2177
22333,Phường Bắc Nha Trang,WARD,56,2178
22390,Phường Tây Nha Trang,WARD,56,2179
22402,Phường Nam Nha Trang,WARD,56,2180
22408,Phường Bắc Cam Ranh,WARD,56,2181
22420,Phường Cam Ranh,WARD,56,2182
22432,Phường Cam Linh,WARD,56,2183
22423,Phường Ba Ngòi,WARD,56,2184
22480,Xã Nam Cam Ranh,COMMUNE,56,2185
22546,Xã Bắc Ninh Hòa,COMMUNE,56,2186
22528,Phường Ninh Hòa,WARD,56,2187
22576,Xã Tân Định,COMMUNE,56,2188
22561,Phường Đông Ninh Hòa,WARD,56,2189
22591,Phường Hòa Thắng,WARD,56,2190
22597,Xã Nam Ninh Hòa,COMMUNE,56,2191
22552,Xã Tây Ninh Hòa,COMMUNE,56,2192
22558,Xã Hòa Trí,COMMUNE,56,2193
22504,Xã Đại Lãnh,COMMUNE,56,2194
22498,Xã Tu Bông,COMMUNE,56,2195
22516,Xã Vạn Thắng,COMMUNE,56,2196
22489,Xã Vạn Ninh,COMMUNE,56,2197
22525,Xã Vạn Hưng,COMMUNE,56,2198
22651,Xã Diên Khánh,COMMUNE,56,2199
22678,Xã Diên Lạc,COMMUNE,56,2200
22657,Xã Diên Điền,COMMUNE,56,2201
22660,Xã Diên Lâm,COMMUNE,56,2202
22672,Xã Diên Thọ,COMMUNE,56,2203
22702,Xã Suối Hiệp,COMMUNE,56,2204
22453,Xã Cam Lâm,COMMUNE,56,2205
22708,Xã Suối Dầu,COMMUNE,56,2206
22435,Xã Cam Hiệp,COMMUNE,56,2207
22465,Xã Cam An,COMMUNE,56,2208
22615,Xã Bắc Khánh Vĩnh,COMMUNE,56,2209
22612,Xã Trung Khánh Vĩnh,COMMUNE,56,2210
22624,Xã Tây Khánh Vĩnh,COMMUNE,56,2211
22648,Xã Nam Khánh Vĩnh,COMMUNE,56,2212
22609,Xã Khánh Vĩnh,COMMUNE,56,2213
22714,Xã Khánh Sơn,COMMUNE,56,2214
22720,Xã Tây Khánh Sơn,COMMUNE,56,2215
22732,Xã Đông Khánh Sơn,COMMUNE,56,2216
22736,Đặc khu Trường Sa,SPECIAL_ZONE,56,2217
22759,Phường Phan Rang,WARD,56,2218
22779,Phường Đông Hải,WARD,56,2219
22834,Phường Ninh Chử,WARD,56,2220
22741,Phường Bảo An,WARD,56,2221
22738,Phường Đô Vinh,WARD,56,2222
22870,Xã Ninh Phước,COMMUNE,56,2223
22891,Xã Phước Hữu,COMMUNE,56,2224
22873,Xã Phước Hậu,COMMUNE,56,2225
22897,Xã Thuận Nam,COMMUNE,56,2226
22910,Xã Cà Ná,COMMUNE,56,2227
22885,Xã Phước Hà,COMMUNE,56,2228
22903,Xã Phước Dinh,COMMUNE,56,2229
22852,Xã Ninh Hải,COMMUNE,56,2230
22858,Xã Xuân Hải,COMMUNE,56,2231
22868,Xã Vĩnh Hải,COMMUNE,56,2232
22849,Xã Thuận Bắc,COMMUNE,56,2233
22840,Xã Công Hải,COMMUNE,56,2234
22810,Xã Ninh Sơn,COMMUNE,56,2235
22813,Xã Lâm Sơn,COMMUNE,56,2236
22828,Xã Anh Dũng,COMMUNE,56,2237
22822,Xã Mỹ Sơn,COMMUNE,56,2238
22801,Xã Bác Ái Đông,COMMUNE,56,2239
22795,Xã Bác Ái,COMMUNE,56,2240
22786,Xã Bác Ái Tây,COMMUNE,56,2241
24175,Xã Hòa Phú,COMMUNE,66,2242
24133,Phường  Buôn Ma Thuột,WARD,66,2243
24163,Phường  Tân An,WARD,66,2244
24121,Phường  Tân Lập,WARD,66,2245
24154,Phường  Thành Nhất,WARD,66,2246
24169,Phường Ea Kao,WARD,66,2247
24328,Xã Ea Drông,COMMUNE,66,2248
24305,Phường Buôn Hồ,WARD,66,2249
24340,Phường Cư Bao,WARD,66,2250
24211,Xã Ea Súp,COMMUNE,66,2251
24217,Xã Ea Rốk,COMMUNE,66,2252
24229,Xã Ea Bung,COMMUNE,66,2253
24221,Xã Ia Rvê,COMMUNE,66,2254
24214,Xã Ia Lốp,COMMUNE,66,2255
24241,Xã Ea Wer,COMMUNE,66,2256
24250,Xã Ea Nuôl,COMMUNE,66,2257
24235,Xã Buôn Đôn,COMMUNE,66,2258
24265,Xã Ea Kiết,COMMUNE,66,2259
24286,Xã Ea M’Droh,COMMUNE,66,2260
24259,Xã Quảng Phú,COMMUNE,66,2261
24301,Xã Cuôr Đăng,COMMUNE,66,2262
24280,Xã Cư M’gar,COMMUNE,66,2263
24277,Xã Ea Tul,COMMUNE,66,2264
24316,Xã Pơng Drang,COMMUNE,66,2265
24310,Xã Krông Búk,COMMUNE,66,2266
24313,Xã Cư Pơng,COMMUNE,66,2267
24208,Xã Ea Khăl,COMMUNE,66,2268
24181,Xã Ea Drăng,COMMUNE,66,2269
24193,Xã Ea Wy,COMMUNE,66,2270
24184,Xã Ea H’leo,COMMUNE,66,2271
24187,Xã Ea Hiao,COMMUNE,66,2272
24343,Xã Krông Năng,COMMUNE,66,2273
24346,Xã Dliê Ya,COMMUNE,66,2274
24352,Xã Tam Giang,COMMUNE,66,2275
24364,Xã Phú Xuân,COMMUNE,66,2276
24490,Xã Krông Pắc,COMMUNE,66,2277
24505,Xã Ea Knuếc,COMMUNE,66,2278
24526,Xã Tân Tiến,COMMUNE,66,2279
24502,Xã Ea Phê,COMMUNE,66,2280
24496,Xã Ea Kly,COMMUNE,66,2281
24529,Xã Vụ Bổn,COMMUNE,66,2282
24373,Xã Ea Kar,COMMUNE,66,2283
24403,Xã Ea Ô,COMMUNE,66,2284
24376,Xã Ea Knốp,COMMUNE,66,2285
24406,Xã Cư Yang,COMMUNE,66,2286
24400,Xã Ea Păl,COMMUNE,66,2287
24412,Xã M’Drắk,COMMUNE,66,2288
24433,Xã Ea Riêng,COMMUNE,66,2289
24436,Xã Cư M’ta,COMMUNE,66,2290
24444,Xã Krông Á,COMMUNE,66,2291
24415,Xã Cư Prao,COMMUNE,66,2292
24445,Xã Ea Trang,COMMUNE,66,2293
24481,Xã Hòa Sơn,COMMUNE,66,2294
24454,Xã Dang Kang,COMMUNE,66,2295
24448,Xã Krông Bông,COMMUNE,66,2296
24484,Xã Yang Mao,COMMUNE,66,2297
24478,Xã Cư Pui,COMMUNE,66,2298
24580,Xã Liên Sơn Lắk,COMMUNE,66,2299
24595,Xã Đắk Liêng,COMMUNE,66,2300
24607,Xã Nam Ka,COMMUNE,66,2301
24598,Xã Đắk Phơi,COMMUNE,66,2302
24604,Xã Krông Nô,COMMUNE,66,2303
24540,Xã Ea Ning,COMMUNE,66,2304
24561,Xã Dray Bhăng,COMMUNE,66,2305
24544,Xã Ea Ktur,COMMUNE,66,2306
24538,Xã Krông Ana,COMMUNE,66,2307
24568,Xã Dur Kmăl,COMMUNE,66,2308
24559,Xã Ea Na,COMMUNE,66,2309
22015,Phường Tuy Hòa,WARD,66,2310
22240,Phường Phú Yên,WARD,66,2311
22045,Phường Bình Kiến,WARD,66,2312
22075,Xã Xuân Thọ,COMMUNE,66,2313
22066,Xã Xuân Cảnh,COMMUNE,66,2314
22057,Xã Xuân Lộc,COMMUNE,66,2315
22076,Phường Xuân Đài,WARD,66,2316
22051,Phường Sông Cầu,WARD,66,2317
22291,Xã Hòa Xuân,COMMUNE,66,2318
22258,Phường Đông Hòa,WARD,66,2319
22261,Phường Hòa Hiệp,WARD,66,2320
22114,Xã Tuy An Bắc,COMMUNE,66,2321
22120,Xã Tuy An Đông,COMMUNE,66,2322
22147,Xã Ô Loan,COMMUNE,66,2323
22153,Xã Tuy An Nam,COMMUNE,66,2324
22132,Xã Tuy An Tây,COMMUNE,66,2325
22319,Xã Phú Hòa 1,COMMUNE,66,2326
22306,Xã Phú Hòa 2,COMMUNE,66,2327
22255,Xã Tây Hòa,COMMUNE,66,2328
22276,Xã Hòa Thịnh,COMMUNE,66,2329
22285,Xã Hòa Mỹ,COMMUNE,66,2330
22250,Xã Sơn Thành,COMMUNE,66,2331
22165,Xã Sơn Hòa,COMMUNE,66,2332
22177,Xã Vân Hòa,COMMUNE,66,2333
22171,Xã Tây Sơn,COMMUNE,66,2334
22192,Xã Suối Trai,COMMUNE,66,2335
22237,Xã Ea Ly,COMMUNE,66,2336
22225,Xã Ea Bá,COMMUNE,66,2337
22222,Xã Đức Bình,COMMUNE,66,2338
22207,Xã Sông Hinh,COMMUNE,66,2339
22090,Xã Xuân Lãnh,COMMUNE,66,2340
22096,Xã Phú Mỡ,COMMUNE,66,2341
22111,Xã Xuân Phước,COMMUNE,66,2342
22081,Xã Đồng Xuân,COMMUNE,66,2343
24781,Phường Xuân Hương - Đà Lạt,WARD,68,2344
24787,Phường Cam Ly - Đà Lạt,WARD,68,2345
24778,Phường Lâm Viên - Đà Lạt,WARD,68,2346
24805,Phường Xuân Trường - Đà Lạt,WARD,68,2347
24846,Phường Lang Biang - Đà Lạt,WARD,68,2348
24823,Phường 1 Bảo Lộc,WARD,68,2349
24820,Phường 2 Bảo Lộc,WARD,68,2350
24841,Phường 3 Bảo Lộc,WARD,68,2351
24829,Phường B'Lao,WARD,68,2352
24848,Xã Lạc Dương,COMMUNE,68,2353
24931,Xã Đơn Dương,COMMUNE,68,2354
24943,Xã Ka Đô,COMMUNE,68,2355
24955,Xã Quảng Lập,COMMUNE,68,2356
24934,Xã D'Ran,COMMUNE,68,2357
24967,Xã Hiệp Thạnh,COMMUNE,68,2358
24958,Xã Đức Trọng,COMMUNE,68,2359
24976,Xã Tân Hội,COMMUNE,68,2360
24991,Xã Tà Hine,COMMUNE,68,2361
24988,Xã Tà Năng,COMMUNE,68,2362
24871,Xã Đinh Văn Lâm Hà,COMMUNE,68,2363
24895,Xã Phú Sơn Lâm Hà,COMMUNE,68,2364
24883,Xã Nam Hà Lâm Hà,COMMUNE,68,2365
24868,Xã Nam Ban Lâm Hà,COMMUNE,68,2366
24916,Xã Tân Hà Lâm Hà,COMMUNE,68,2367
24907,Xã Phúc Thọ Lâm Hà,COMMUNE,68,2368
24886,Xã Đam Rông 1,COMMUNE,68,2369
24877,Xã Đam Rông 2,COMMUNE,68,2370
24875,Xã Đam Rông 3,COMMUNE,68,2371
24853,Xã Đam Rông 4,COMMUNE,68,2372
25000,Xã Di Linh,COMMUNE,68,2373
25036,Xã Hòa Ninh,COMMUNE,68,2374
25042,Xã Hòa Bắc,COMMUNE,68,2375
25007,Xã Đinh Trang Thượng,COMMUNE,68,2376
25018,Xã Bảo Thuận,COMMUNE,68,2377
25051,Xã Sơn Điền,COMMUNE,68,2378
25015,Xã Gia Hiệp,COMMUNE,68,2379
25054,Xã Bảo Lâm 1,COMMUNE,68,2380
25084,Xã Bảo Lâm 2,COMMUNE,68,2381
25093,Xã Bảo Lâm 3,COMMUNE,68,2382
25063,Xã Bảo Lâm 4,COMMUNE,68,2383
25057,Xã Bảo Lâm 5,COMMUNE,68,2384
25099,Xã Đạ Huoai,COMMUNE,68,2385
25105,Xã Đạ Huoai 2,COMMUNE,68,2386
25114,Xã Đạ Huoai 3,COMMUNE,68,2387
25126,Xã Đạ Tẻh,COMMUNE,68,2388
25138,Xã Đạ Tẻh 2,COMMUNE,68,2389
25135,Xã Đạ Tẻh 3,COMMUNE,68,2390
25159,Xã Cát Tiên,COMMUNE,68,2391
25180,Xã Cát Tiên 2,COMMUNE,68,2392
25162,Xã Cát Tiên 3,COMMUNE,68,2393
22933,Phường Hàm Thắng,WARD,68,2394
22960,Phường Bình Thuận,WARD,68,2395
22918,Phường Mũi Né,WARD,68,2396
22924,Phường Phú Thuỷ,WARD,68,2397
22945,Phường Phan Thiết,WARD,68,2398
22954,Phường Tiến Thành,WARD,68,2399
23235,Phường La Gi,WARD,68,2400
23231,Phường Phước Hội,WARD,68,2401
22963,Xã Tuyên Quang,COMMUNE,68,2402
23246,Xã Tân Hải,COMMUNE,68,2403
22981,Xã Vĩnh Hảo,COMMUNE,68,2404
22969,Xã Liên Hương,COMMUNE,68,2405
22978,Xã Tuy Phong,COMMUNE,68,2406
22972,Xã Phan Rí Cửa,COMMUNE,68,2407
23005,Xã Bắc Bình,COMMUNE,68,2408
23041,Xã Hồng Thái,COMMUNE,68,2409
23020,Xã Hải Ninh,COMMUNE,68,2410
23008,Xã Phan Sơn,COMMUNE,68,2411
23023,Xã Sông Lũy,COMMUNE,68,2412
23032,Xã Lương Sơn,COMMUNE,68,2413
23053,Xã Hòa Thắng,COMMUNE,68,2414
23074,Xã Đông Giang,COMMUNE,68,2415
23065,Xã La Dạ,COMMUNE,68,2416
23089,Xã Hàm Thuận Bắc,COMMUNE,68,2417
23059,Xã Hàm Thuận,COMMUNE,68,2418
23086,Xã Hồng Sơn,COMMUNE,68,2419
23098,Xã Hàm Liêm,COMMUNE,68,2420
23122,Xã Hàm Thạnh,COMMUNE,68,2421
23128,Xã Hàm Kiệm,COMMUNE,68,2422
23143,Xã Tân Thành,COMMUNE,68,2423
23110,Xã Hàm Thuận Nam,COMMUNE,68,2424
23134,Xã Tân Lập,COMMUNE,68,2425
23230,Xã Tân Minh,COMMUNE,68,2426
23236,Xã Hàm Tân,COMMUNE,68,2427
23266,Xã Sơn Mỹ,COMMUNE,68,2428
23152,Xã Bắc Ruộng,COMMUNE,68,2429
23158,Xã Nghị Đức,COMMUNE,68,2430
23173,Xã Đồng Kho,COMMUNE,68,2431
23149,Xã Tánh Linh,COMMUNE,68,2432
23188,Xã Suối Kiết,COMMUNE,68,2433
23200,Xã Nam Thành,COMMUNE,68,2434
23191,Xã Đức Linh,COMMUNE,68,2435
23194,Xã Hoài Đức,COMMUNE,68,2436
23227,Xã Trà Tân,COMMUNE,68,2437
23272,Đặc khu Phú Quý,SPECIAL_ZONE,68,2438
24611,Phường Bắc Gia Nghĩa,WARD,68,2439
24615,Phường Nam Gia Nghĩa,WARD,68,2440
24617,Phường Đông Gia Nghĩa,WARD,68,2441
24646,Xã Đắk Wil,COMMUNE,68,2442
24649,Xã Nam Dong,COMMUNE,68,2443
24640,Xã Cư Jút,COMMUNE,68,2444
24682,Xã Thuận An,COMMUNE,68,2445
24664,Xã Đức Lập,COMMUNE,68,2446
24670,Xã Đắk Mil,COMMUNE,68,2447
24678,Xã Đắk Sắk,COMMUNE,68,2448
24697,Xã Nam Đà,COMMUNE,68,2449
24688,Xã Krông Nô,COMMUNE,68,2450
24703,Xã Nâm Nung,COMMUNE,68,2451
24712,Xã Quảng Phú,COMMUNE,68,2452
24718,Xã Đắk song,COMMUNE,68,2453
24717,Xã Đức An,COMMUNE,68,2454
24722,Xã Thuận Hạnh,COMMUNE,68,2455
24730,Xã Trường Xuân,COMMUNE,68,2456
24637,Xã Tà Đùng,COMMUNE,68,2457
24631,Xã Quảng Khê,COMMUNE,68,2458
24748,Xã Quảng Tân,COMMUNE,68,2459
24739,Xã Tuy Đức,COMMUNE,68,2460
24733,Xã Kiến Đức,COMMUNE,68,2461
24751,Xã Nhân Cơ,COMMUNE,68,2462
24760,Xã Quảng Tín,COMMUNE,68,2463
24985,Xã Ninh Gia,COMMUNE,68,2464
24620,Xã Quảng Hòa,COMMUNE,68,2465
24616,Xã Quảng Sơn,COMMUNE,68,2466
24736,Xã Quảng Trực,COMMUNE,68,2467
26068,Phường Biên Hòa,WARD,75,2468
26041,Phường Trấn Biên,WARD,75,2469
26017,Phường Tam Hiệp,WARD,75,2470
26020,Phường Long Bình,WARD,75,2471
25993,Phường Trảng Dài,WARD,75,2472
26005,Phường Hố Nai,WARD,75,2473
26380,Phường Long Hưng,WARD,75,2474
26491,Xã Đại Phước,COMMUNE,75,2475
26485,Xã Nhơn Trạch,COMMUNE,75,2476
26503,Xã Phước An,COMMUNE,75,2477
26422,Xã Phước Thái,COMMUNE,75,2478
26413,Xã Long Phước,COMMUNE,75,2479
26389,Xã Bình An,COMMUNE,75,2480
26368,Xã Long Thành,COMMUNE,75,2481
26383,Xã An Phước,COMMUNE,75,2482
26296,Xã An Viễn,COMMUNE,75,2483
26278,Xã Bình Minh,COMMUNE,75,2484
26248,Xã Trảng Bom,COMMUNE,75,2485
26254,Xã Bàu Hàm,COMMUNE,75,2486
26281,Xã Hưng Thịnh,COMMUNE,75,2487
26326,Xã Dầu Giây,COMMUNE,75,2488
26311,Xã Gia Kiệm,COMMUNE,75,2489
26299,Xã Thống Nhất,COMMUNE,75,2490
26089,Phường Bình Lộc,WARD,75,2491
26098,Phường Bảo Vinh,WARD,75,2492
26104,Phường Xuân Lập,WARD,75,2493
26080,Phường Long Khánh,WARD,75,2494
26113,Phường Hàng Gòn,WARD,75,2495
26329,Xã Xuân Quế,COMMUNE,75,2496
26347,Xã Xuân Đường,COMMUNE,75,2497
26341,Xã Cẩm Mỹ,COMMUNE,75,2498
26362,Xã Sông Ray,COMMUNE,75,2499
26359,Xã Xuân Đông,COMMUNE,75,2500
26461,Xã Xuân Định,COMMUNE,75,2501
26458,Xã Xuân Phú,COMMUNE,75,2502
26425,Xã Xuân Lộc,COMMUNE,75,2503
26446,Xã Xuân Hòa,COMMUNE,75,2504
26434,Xã Xuân Thành,COMMUNE,75,2505
26428,Xã Xuân Bắc,COMMUNE,75,2506
26227,Xã La Ngà,COMMUNE,75,2507
26206,Xã Định Quán,COMMUNE,75,2508
26215,Xã Phú Vinh,COMMUNE,75,2509
26221,Xã Phú Hòa,COMMUNE,75,2510
26134,Xã Tà Lài,COMMUNE,75,2511
26122,Xã Nam Cát Tiên,COMMUNE,75,2512
26116,Xã Tân Phú,COMMUNE,75,2513
26158,Xã Phú Lâm,COMMUNE,75,2514
26170,Xã Trị An,COMMUNE,75,2515
26179,Xã Tân An,COMMUNE,75,2516
26188,Phường Tân Triều,WARD,75,2517
25441,Phường Minh Hưng,WARD,75,2518
25432,Phường Chơn Thành,WARD,75,2519
25453,Xã Nha Bích,COMMUNE,75,2520
25351,Xã Tân Quan,COMMUNE,75,2521
25345,Xã Tân Hưng,COMMUNE,75,2522
25357,Xã Tân Khai,COMMUNE,75,2523
25349,Xã Minh Đức,COMMUNE,75,2524
25326,Phường Bình Long,WARD,75,2525
25336,Phường An Lộc,WARD,75,2526
25294,Xã Lộc Thành,COMMUNE,75,2527
25270,Xã Lộc Ninh,COMMUNE,75,2528
25303,Xã Lộc Hưng,COMMUNE,75,2529
25279,Xã Lộc Tấn,COMMUNE,75,2530
25280,Xã Lộc Thạnh,COMMUNE,75,2531
25292,Xã Lộc Quang,COMMUNE,75,2532
25318,Xã Tân Tiến,COMMUNE,75,2533
25308,Xã Thiện Hưng,COMMUNE,75,2534
25309,Xã Hưng Phước,COMMUNE,75,2535
25267,Xã Phú Nghĩa,COMMUNE,75,2536
25231,Xã Đa Kia,COMMUNE,75,2537
25220,Phường Phước Bình,WARD,75,2538
25217,Phường Phước Long,WARD,75,2539
25246,Xã Bình Tân,COMMUNE,75,2540
25255,Xã Long Hà,COMMUNE,75,2541
25264,Xã Phú Riềng,COMMUNE,75,2542
25261,Xã Phú Trung,COMMUNE,75,2543
25210,Phường Đồng Xoài,WARD,75,2544
25195,Phường Bình Phước,WARD,75,2545
25387,Xã Thuận Lợi,COMMUNE,75,2546
25390,Xã Đồng Tâm,COMMUNE,75,2547
25378,Xã Tân Lợi,COMMUNE,75,2548
25363,Xã Đồng Phú,COMMUNE,75,2549
25420,Xã Phước Sơn,COMMUNE,75,2550
25417,Xã Nghĩa Trung,COMMUNE,75,2551
25396,Xã Bù Đăng,COMMUNE,75,2552
25402,Xã Thọ Sơn,COMMUNE,75,2553
25399,Xã Đak Nhau,COMMUNE,75,2554
25405,Xã Bom Bo,COMMUNE,75,2555
26374,Phường Tam Phước,WARD,75,2556
26377,Phường Phước Tân,WARD,75,2557
26209,Xã Thanh Sơn,COMMUNE,75,2558
26119,Xã Đak Lua,COMMUNE,75,2559
26173,Xã Phú Lý,COMMUNE,75,2560
25222,Xã Bù Gia Mập,COMMUNE,75,2561
25225,Xã Đăk Ơ,COMMUNE,75,2562
26506,Phường Vũng Tàu,WARD,79,2563
26526,Phường Tam Thắng,WARD,79,2564
26536,Phường  Rạch Dừa,WARD,79,2565
26542,Phường Phước Thắng,WARD,79,2566
26560,Phường Bà Rịa,WARD,79,2567
26566,Phường Long Hương,WARD,79,2568
26704,Phường Phú Mỹ,WARD,79,2569
26572,Phường Tam Long,WARD,79,2570
26725,Phường Tân Thành,WARD,79,2571
26713,Phường Tân Phước,WARD,79,2572
26710,Phường Tân Hải,WARD,79,2573
26728,Xã Châu Pha,COMMUNE,79,2574
26575,Xã Ngãi Giao,COMMUNE,79,2575
26590,Xã Bình Giã,COMMUNE,79,2576
26608,Xã Kim Long,COMMUNE,79,2577
26596,Xã Châu Đức,COMMUNE,79,2578
26584,Xã Xuân Sơn,COMMUNE,79,2579
26617,Xã Nghĩa Thành,COMMUNE,79,2580
26620,Xã Hồ Tràm,COMMUNE,79,2581
26632,Xã Xuyên Mộc,COMMUNE,79,2582
26641,Xã Hòa Hội,COMMUNE,79,2583
26638,Xã Bàu Lâm,COMMUNE,79,2584
26686,Xã Phước Hải,COMMUNE,79,2585
26662,Xã Long Hải,COMMUNE,79,2586
26680,Xã Đất Đỏ,COMMUNE,79,2587
26659,Xã Long Điền,COMMUNE,79,2588
26732,Đặc khu Côn Đảo,SPECIAL_ZONE,79,2589
25951,Phường Đông Hòa,WARD,79,2590
25942,Phường Dĩ An,WARD,79,2591
25945,Phường Tân Đông Hiệp,WARD,79,2592
25978,Phường Thuận An,WARD,79,2593
25969,Phường Thuận Giao,WARD,79,2594
25987,Phường Bình Hòa,WARD,79,2595
25966,Phường Lái Thiêu,WARD,79,2596
25975,Phường An Phú,WARD,79,2597
25760,Phường Bình Dương,WARD,79,2598
25771,Phường Chánh Hiệp,WARD,79,2599
25747,Phường Thủ Dầu Một,WARD,79,2600
25750,Phường Phú Lợi,WARD,79,2601
25912,Phường Vĩnh Tân,WARD,79,2602
25915,Phường Bình Cơ,WARD,79,2603
25888,Phường Tân Uyên,WARD,79,2604
25920,Phường Tân Hiệp,WARD,79,2605
25891,Phường Tân Khánh,WARD,79,2606
25849,Phường Hòa Lợi,WARD,79,2607
25768,Phường Phú An,WARD,79,2608
25843,Phường Tây Nam,WARD,79,2609
25840,Phường Long Nguyên,WARD,79,2610
25813,Phường Bến Cát,WARD,79,2611
25837,Phường Chánh Phú Hòa,WARD,79,2612
25906,Xã Bắc Tân Uyên,COMMUNE,79,2613
25909,Xã Thường Tân,COMMUNE,79,2614
25867,Xã An Long,COMMUNE,79,2615
25864,Xã Phước Thành,COMMUNE,79,2616
25882,Xã Phước Hòa,COMMUNE,79,2617
25858,Xã Phú Giáo,COMMUNE,79,2618
25819,Xã Trừ Văn Thố,COMMUNE,79,2619
25822,Xã Bàu Bàng,COMMUNE,79,2620
25780,Xã Minh Thạnh,COMMUNE,79,2621
25792,Xã Long Hòa,COMMUNE,79,2622
25777,Xã Dầu Tiếng,COMMUNE,79,2623
25807,Xã Thanh An,COMMUNE,79,2624
26740,Phường Sài Gòn,WARD,79,2625
26737,Phường Tân Định,WARD,79,2626
26743,Phường Bến Thành,WARD,79,2627
26758,Phường Cầu Ông Lãnh,WARD,79,2628
27160,Phường Bàn Cờ,WARD,79,2629
27139,Phường Xuân Hòa,WARD,79,2630
27142,Phường Nhiêu Lộc,WARD,79,2631
27259,Phường Xóm Chiếu,WARD,79,2632
27265,Phường Khánh Hội,WARD,79,2633
27286,Phường Vĩnh Hội,WARD,79,2634
27301,Phường Chợ Quán,WARD,79,2635
27316,Phường An Đông,WARD,79,2636
27343,Phường Chợ Lớn,WARD,79,2637
27367,Phường Bình Tây,WARD,79,2638
27373,Phường Bình Tiên,WARD,79,2639
27385,Phường Bình Phú,WARD,79,2640
27349,Phường Phú Lâm,WARD,79,2641
27478,Phường Tân Thuận,WARD,79,2642
27484,Phường Phú Thuận,WARD,79,2643
27487,Phường Tân Mỹ,WARD,79,2644
27475,Phường Tân Hưng,WARD,79,2645
27418,Phường Chánh Hưng,WARD,79,2646
27427,Phường Phú Định,WARD,79,2647
27424,Phường Bình Đông,WARD,79,2648
27169,Phường Diên Hồng,WARD,79,2649
27190,Phường Vườn Lài,WARD,79,2650
27163,Phường Hòa Hưng,WARD,79,2651
27238,Phường Minh Phụng,WARD,79,2652
27232,Phường Bình Thới,WARD,79,2653
27211,Phường Hòa Bình,WARD,79,2654
27226,Phường Phú Thọ,WARD,79,2655
26791,Phường Đông Hưng Thuận,WARD,79,2656
26785,Phường Trung Mỹ Tây,WARD,79,2657
26782,Phường Tân Thới Hiệp,WARD,79,2658
26773,Phường Thới An,WARD,79,2659
26767,Phường An Phú Đông,WARD,79,2660
27460,Phường An Lạc,WARD,79,2661
27457,Phường Tân Tạo,WARD,79,2662
27442,Phường Bình Tân,WARD,79,2663
27448,Phường Bình Trị Đông,WARD,79,2664
27439,Phường Bình Hưng Hòa,WARD,79,2665
26944,Phường Gia Định,WARD,79,2666
26929,Phường Bình Thạnh,WARD,79,2667
26905,Phường Bình Lợi Trung,WARD,79,2668
26956,Phường Thạnh Mỹ Tây,WARD,79,2669
26911,Phường Bình Quới,WARD,79,2670
26902,Phường Hạnh Thông,WARD,79,2671
26887,Phường  An Nhơn,WARD,79,2672
26884,Phường Gò Vấp,WARD,79,2673
26878,Phường An Hội Đông,WARD,79,2674
26899,Phường Thông Tây Hội,WARD,79,2675
26882,Phường An Hội Tây,WARD,79,2676
27043,Phường Đức Nhuận,WARD,79,2677
27058,Phường Cầu Kiệu,WARD,79,2678
27073,Phường Phú Nhuận,WARD,79,2679
26977,Phường Tân Sơn Hòa,WARD,79,2680
26968,Phường Tân Sơn Nhất,WARD,79,2681
26995,Phường Tân Hòa,WARD,79,2682
26983,Phường Bảy Hiền,WARD,79,2683
27004,Phường Tân Bình,WARD,79,2684
27007,Phường Tân Sơn,WARD,79,2685
27013,Phường Tây Thạnh,WARD,79,2686
27010,Phường Tân Sơn Nhì,WARD,79,2687
27022,Phường Phú Thọ Hòa,WARD,79,2688
27031,Phường Tân Phú,WARD,79,2689
27028,Phường Phú Thạnh,WARD,79,2690
26812,Phường Hiệp Bình,WARD,79,2691
26824,Phường Thủ Đức,WARD,79,2692
26797,Phường Tam Bình,WARD,79,2693
26794,Phường Linh Xuân,WARD,79,2694
26842,Phường Tăng Nhơn Phú,WARD,79,2695
26833,Phường Long Bình,WARD,79,2696
26857,Phường Long Phước,WARD,79,2697
26860,Phường Long Trường,WARD,79,2698
27112,Phường Cát Lái,WARD,79,2699
27097,Phường Bình Trưng,WARD,79,2700
26848,Phường Phước Long,WARD,79,2701
27118,Phường An Khánh,WARD,79,2702
27601,Xã Vĩnh Lộc,COMMUNE,79,2703
27604,Xã Tân Vĩnh Lộc,COMMUNE,79,2704
27610,Xã Bình Lợi,COMMUNE,79,2705
27595,Xã Tân Nhựt,COMMUNE,79,2706
27637,Xã Bình Chánh,COMMUNE,79,2707
27628,Xã Hưng Long,COMMUNE,79,2708
27619,Xã Bình Hưng,COMMUNE,79,2709
27667,Xã Bình Khánh,COMMUNE,79,2710
27673,Xã An Thới Đông,COMMUNE,79,2711
27664,Xã Cần Giờ,COMMUNE,79,2712
27553,Xã Củ Chi,COMMUNE,79,2713
27496,Xã Tân An Hội,COMMUNE,79,2714
27526,Xã Thái Mỹ,COMMUNE,79,2715
27508,Xã An Nhơn Tây,COMMUNE,79,2716
27511,Xã Nhuận Đức,COMMUNE,79,2717
27541,Xã Phú Hòa Đông,COMMUNE,79,2718
27544,Xã Bình Mỹ,COMMUNE,79,2719
27568,Xã Đông Thạnh,COMMUNE,79,2720
27559,Xã Hóc Môn,COMMUNE,79,2721
27577,Xã Xuân Thới Sơn,COMMUNE,79,2722
27592,Xã Bà Điểm,COMMUNE,79,2723
27655,Xã Nhà Bè,COMMUNE,79,2724
27658,Xã Hiệp Phước,COMMUNE,79,2725
26545,Xã Long Sơn,COMMUNE,79,2726
26647,Xã Hòa Hiệp,COMMUNE,79,2727
26656,Xã Bình Châu,COMMUNE,79,2728
25846,Phường Thới Hòa,WARD,79,2729
27676,Xã Thạnh An,COMMUNE,79,2730
27727,Xã Hưng Điền,COMMUNE,80,2731
27736,Xã Vĩnh Thạnh,COMMUNE,80,2732
27721,Xã Tân Hưng,COMMUNE,80,2733
27748,Xã Vĩnh Châu,COMMUNE,80,2734
27775,Xã Tuyên Bình,COMMUNE,80,2735
27757,Xã Vĩnh Hưng,COMMUNE,80,2736
27763,Xã Khánh Hưng,COMMUNE,80,2737
27817,Xã Tuyên Thạnh,COMMUNE,80,2738
27793,Xã Bình Hiệp,COMMUNE,80,2739
27787,Phường Kiến Tường,WARD,80,2740
27811,Xã Bình Hoà,COMMUNE,80,2741
27823,Xã Mộc Hoá,COMMUNE,80,2742
27841,Xã Hậu Thạnh,COMMUNE,80,2743
27838,Xã Nhơn Hòa Lập,COMMUNE,80,2744
27856,Xã Nhơn Ninh,COMMUNE,80,2745
27826,Xã Tân Thạnh,COMMUNE,80,2746
27868,Xã Bình Thành,COMMUNE,80,2747
27877,Xã Thạnh Phước,COMMUNE,80,2748
27865,Xã Thạnh Hóa,COMMUNE,80,2749
27889,Xã Tân Tây,COMMUNE,80,2750
28036,Xã Thủ Thừa,COMMUNE,80,2751
28066,Xã Mỹ An,COMMUNE,80,2752
28051,Xã Mỹ Thạnh,COMMUNE,80,2753
28072,Xã Tân Long,COMMUNE,80,2754
27907,Xã Mỹ Quý,COMMUNE,80,2755
27898,Xã Đông Thành,COMMUNE,80,2756
27925,Xã Đức Huệ,COMMUNE,80,2757
27943,Xã An Ninh,COMMUNE,80,2758
27952,Xã Hiệp Hoà,COMMUNE,80,2759
27931,Xã Hậu Nghĩa,COMMUNE,80,2760
27979,Xã Hoà Khánh,COMMUNE,80,2761
27964,Xã Đức Lập,COMMUNE,80,2762
27976,Xã Mỹ Hạnh,COMMUNE,80,2763
27937,Xã Đức Hòa,COMMUNE,80,2764
27994,Xã Thạnh Lợi,COMMUNE,80,2765
28015,Xã Bình Đức,COMMUNE,80,2766
28003,Xã Lương Hoà,COMMUNE,80,2767
27991,Xã Bến Lức,COMMUNE,80,2768
28018,Xã Mỹ Yên,COMMUNE,80,2769
28126,Xã Long Cang,COMMUNE,80,2770
28114,Xã Rạch Kiến,COMMUNE,80,2771
28132,Xã Mỹ Lệ,COMMUNE,80,2772
28138,Xã Tân Lân,COMMUNE,80,2773
28108,Xã Cần Đước,COMMUNE,80,2774
28144,Xã Long Hựu,COMMUNE,80,2775
28165,Xã Phước Lý,COMMUNE,80,2776
28177,Xã Mỹ Lộc,COMMUNE,80,2777
28159,Xã Cần Giuộc,COMMUNE,80,2778
28201,Xã Phước Vĩnh Tây,COMMUNE,80,2779
28207,Xã Tân Tập,COMMUNE,80,2780
28093,Xã Vàm Cỏ,COMMUNE,80,2781
28075,Xã Tân Trụ,COMMUNE,80,2782
28087,Xã Nhựt Tảo,COMMUNE,80,2783
28225,Xã Thuận Mỹ,COMMUNE,80,2784
28243,Xã An Lục Long,COMMUNE,80,2785
28210,Xã Tầm Vu,COMMUNE,80,2786
28222,Xã Vĩnh Công,COMMUNE,80,2787
27694,Phường Long An,WARD,80,2788
27712,Phường Tân An,WARD,80,2789
27715,Phường Khánh Hậu,WARD,80,2790
25459,Phường Tân Ninh,WARD,80,2791
25480,Phường Bình Minh,WARD,80,2792
25567,Phường Ninh Thạnh,WARD,80,2793
25630,Phường Long Hoa,WARD,80,2794
25645,Phường Hoà Thành,WARD,80,2795
25633,Phường Thanh Điền,WARD,80,2796
25708,Phường Trảng Bàng,WARD,80,2797
25732,Phường An Tịnh,WARD,80,2798
25654,Phường Gò Dầu,WARD,80,2799
25672,Phường Gia Lộc,WARD,80,2800
25711,Xã Hưng Thuận,COMMUNE,80,2801
25729,Xã Phước Chỉ,COMMUNE,80,2802
25657,Xã Thạnh Đức,COMMUNE,80,2803
25663,Xã Phước Thạnh,COMMUNE,80,2804
25666,Xã Truông Mít,COMMUNE,80,2805
25579,Xã Lộc Ninh,COMMUNE,80,2806
25573,Xã Cầu Khởi,COMMUNE,80,2807
25552,Xã Dương Minh Châu,COMMUNE,80,2808
25522,Xã Tân Đông,COMMUNE,80,2809
25516,Xã Tân Châu,COMMUNE,80,2810
25549,Xã Tân Phú,COMMUNE,80,2811
25525,Xã Tân Hội,COMMUNE,80,2812
25534,Xã Tân Thành,COMMUNE,80,2813
25531,Xã Tân Hòa,COMMUNE,80,2814
25489,Xã Tân Lập,COMMUNE,80,2815
25486,Xã Tân Biên,COMMUNE,80,2816
25498,Xã Thạnh Bình,COMMUNE,80,2817
25510,Xã Trà Vong,COMMUNE,80,2818
25591,Xã Phước Vinh,COMMUNE,80,2819
25606,Xã Hoà Hội,COMMUNE,80,2820
25621,Xã Ninh Điền,COMMUNE,80,2821
25585,Xã Châu Thành,COMMUNE,80,2822
25588,Xã Hảo Đước,COMMUNE,80,2823
25684,Xã Long Chữ,COMMUNE,80,2824
25702,Xã Long Thuận,COMMUNE,80,2825
25681,Xã Bến Cầu,COMMUNE,80,2826
28261,Phường Mỹ Tho,WARD,82,2827
28249,Phường Đạo Thạnh,WARD,82,2828
28273,Phường Mỹ Phong,WARD,82,2829
28270,Phường Thới Sơn,WARD,82,2830
28285,Phường Trung An,WARD,82,2831
28306,Phường Gò Công,WARD,82,2832
28297,Phường Long Thuận,WARD,82,2833
28729,Phường Sơn Qui,WARD,82,2834
28315,Phường Bình Xuân,WARD,82,2835
28435,Phường Mỹ Phước Tây,WARD,82,2836
28436,Phường Thanh Hòa,WARD,82,2837
28439,Phường Cai Lậy,WARD,82,2838
28477,Phường Nhị Quý,WARD,82,2839
28468,Xã Tân Phú,COMMUNE,82,2840
28426,Xã Thanh Hưng,COMMUNE,82,2841
28429,Xã An Hữu,COMMUNE,82,2842
28414,Xã Mỹ Lợi,COMMUNE,82,2843
28405,Xã Mỹ Đức Tây,COMMUNE,82,2844
28378,Xã Mỹ Thiện,COMMUNE,82,2845
28366,Xã Hậu Mỹ,COMMUNE,82,2846
28393,Xã Hội Cư,COMMUNE,82,2847
28360,Xã Cái Bè,COMMUNE,82,2848
28471,Xã Bình Phú,COMMUNE,82,2849
28501,Xã Hiệp Đức,COMMUNE,82,2850
28516,Xã Ngũ Hiệp,COMMUNE,82,2851
28504,Xã Long Tiên,COMMUNE,82,2852
28456,Xã Mỹ Thành,COMMUNE,82,2853
28444,Xã Thạnh Phú,COMMUNE,82,2854
28321,Xã Tân Phước 1,COMMUNE,82,2855
28327,Xã Tân Phước 2,COMMUNE,82,2856
28345,Xã Tân Phước 3,COMMUNE,82,2857
28336,Xã Hưng Thạnh,COMMUNE,82,2858
28525,Xã Tân Hương,COMMUNE,82,2859
28519,Xã Châu Thành,COMMUNE,82,2860
28537,Xã Long Hưng,COMMUNE,82,2861
28543,Xã Long Định,COMMUNE,82,2862
28576,Xã Vĩnh Kim,COMMUNE,82,2863
28582,Xã Kim Sơn,COMMUNE,82,2864
28564,Xã Bình Trưng,COMMUNE,82,2865
28603,Xã Mỹ Tịnh An,COMMUNE,82,2866
28615,Xã Lương Hòa Lạc,COMMUNE,82,2867
28627,Xã Tân Thuận Bình,COMMUNE,82,2868
28594,Xã Chợ Gạo,COMMUNE,82,2869
28633,Xã An Thạnh Thủy,COMMUNE,82,2870
28648,Xã Bình Ninh,COMMUNE,82,2871
28651,Xã Vĩnh Bình,COMMUNE,82,2872
28660,Xã Đồng Sơn,COMMUNE,82,2873
28663,Xã Phú Thành,COMMUNE,82,2874
28687,Xã Long Bình,COMMUNE,82,2875
28678,Xã Vĩnh Hựu,COMMUNE,82,2876
28747,Xã Gò Công Đông,COMMUNE,82,2877
28738,Xã Tân Điền,COMMUNE,82,2878
28702,Xã Tân Hòa,COMMUNE,82,2879
28723,Xã Tân Đông,COMMUNE,82,2880
28720,Xã Gia Thuận,COMMUNE,82,2881
28693,Xã Tân Thới,COMMUNE,82,2882
28696,Xã Tân Phú Đông,COMMUNE,82,2883
29926,Xã Tân Hồng,COMMUNE,82,2884
29938,Xã Tân Thành,COMMUNE,82,2885
29929,Xã Tân Hộ Cơ,COMMUNE,82,2886
29944,Xã An Phước,COMMUNE,82,2887
29954,Phường An Bình,WARD,82,2888
29955,Phường Hồng Ngự,WARD,82,2889
29978,Phường Thường Lạc,WARD,82,2890
29971,Xã Thường Phước,COMMUNE,82,2891
29983,Xã Long Khánh,COMMUNE,82,2892
29992,Xã Long Phú Thuận,COMMUNE,82,2893
30019,Xã An Hòa,COMMUNE,82,2894
30010,Xã Tam Nông,COMMUNE,82,2895
30034,Xã Phú Thọ,COMMUNE,82,2896
30001,Xã Tràm Chim,COMMUNE,82,2897
30025,Xã Phú Cường,COMMUNE,82,2898
30028,Xã An Long,COMMUNE,82,2899
30130,Xã Thanh Bình,COMMUNE,82,2900
30157,Xã Tân Thạnh,COMMUNE,82,2901
30163,Xã Bình Thành,COMMUNE,82,2902
30154,Xã Tân Long,COMMUNE,82,2903
30037,Xã Tháp Mười,COMMUNE,82,2904
30073,Xã Thanh Mỹ,COMMUNE,82,2905
30055,Xã Mỹ Quí,COMMUNE,82,2906
30061,Xã Đốc Binh Kiều,COMMUNE,82,2907
30046,Xã Trường Xuân,COMMUNE,82,2908
30043,Xã Phương Thịnh,COMMUNE,82,2909
30088,Xã Phong Mỹ,COMMUNE,82,2910
30085,Xã Ba Sao,COMMUNE,82,2911
30076,Xã Mỹ Thọ,COMMUNE,82,2912
30118,Xã Bình Hàng Trung,COMMUNE,82,2913
30112,Xã Mỹ Hiệp,COMMUNE,82,2914
29869,Phường Cao Lãnh,WARD,82,2915
29884,Phường Mỹ Ngãi,WARD,82,2916
29888,Phường Mỹ Trà,WARD,82,2917
30178,Xã Mỹ An Hưng,COMMUNE,82,2918
30184,Xã Tân Khánh Trung,COMMUNE,82,2919
30169,Xã Lấp Vò,COMMUNE,82,2920
30226,Xã Lai Vung,COMMUNE,82,2921
30208,Xã Hòa Long,COMMUNE,82,2922
30235,Xã Phong Hòa,COMMUNE,82,2923
29905,Phường Sa Đéc,WARD,82,2924
30214,Xã Tân Dương,COMMUNE,82,2925
30244,Xã Phú Hựu,COMMUNE,82,2926
30253,Xã Tân Nhuận Đông,COMMUNE,82,2927
30259,Xã Tân Phú Trung,COMMUNE,82,2928
29641,Xã Cái Nhum,COMMUNE,86,2929
29653,Xã Tân Long Hội,COMMUNE,86,2930
29623,Xã Nhơn Phú,COMMUNE,86,2931
29638,Xã Bình Phước,COMMUNE,86,2932
29584,Xã An Bình,COMMUNE,86,2933
29602,Xã Long Hồ,COMMUNE,86,2934
29611,Xã Phú Quới,COMMUNE,86,2935
29590,Phường Thanh Đức,WARD,86,2936
29551,Phường Long Châu,WARD,86,2937
29557,Phường Phước Hậu,WARD,86,2938
29593,Phường Tân Hạnh,WARD,86,2939
29566,Phường Tân Ngãi,WARD,86,2940
29677,Xã Quới Thiện,COMMUNE,86,2941
29659,Xã Trung Thành,COMMUNE,86,2942
29698,Xã Trung Ngãi,COMMUNE,86,2943
29668,Xã Quới An,COMMUNE,86,2944
29683,Xã Trung Hiệp,COMMUNE,86,2945
29701,Xã Hiếu Phụng,COMMUNE,86,2946
29713,Xã Hiếu Thành,COMMUNE,86,2947
29857,Xã Lục Sỹ Thành,COMMUNE,86,2948
29821,Xã Trà Ôn,COMMUNE,86,2949
29836,Xã Trà Côn,COMMUNE,86,2950
29845,Xã Vĩnh Xuân,COMMUNE,86,2951
29830,Xã Hòa Bình,COMMUNE,86,2952
29734,Xã Hòa Hiệp,COMMUNE,86,2953
29719,Xã Tam Bình,COMMUNE,86,2954
29767,Xã Ngãi Tứ,COMMUNE,86,2955
29752,Xã Song Phú,COMMUNE,86,2956
29728,Xã Cái Ngang,COMMUNE,86,2957
29800,Xã Tân Quới,COMMUNE,86,2958
29785,Xã Tân Lược,COMMUNE,86,2959
29788,Xã Mỹ Thuận,COMMUNE,86,2960
29771,Phường Bình Minh,WARD,86,2961
29770,Phường Cái Vồn,WARD,86,2962
29812,Phường Đông Thành,WARD,86,2963
29263,Phường Long Đức,WARD,86,2964
29242,Phường Trà Vinh,WARD,86,2965
29254,Phường Nguyệt Hóa,WARD,86,2966
29398,Phường Hòa Thuận,WARD,86,2967
29275,Xã An Trường,COMMUNE,86,2968
29278,Xã Tân An,COMMUNE,86,2969
29266,Xã Càng Long,COMMUNE,86,2970
29302,Xã Nhị Long,COMMUNE,86,2971
29287,Xã Bình Phú,COMMUNE,86,2972
29386,Xã Song Lộc,COMMUNE,86,2973
29374,Xã Châu Thành,COMMUNE,86,2974
29407,Xã Hưng Mỹ,COMMUNE,86,2975
29410,Xã Hòa Minh,COMMUNE,86,2976
29413,Xã Long Hòa,COMMUNE,86,2977
29308,Xã Cầu Kè,COMMUNE,86,2978
29329,Xã Phong Thạnh,COMMUNE,86,2979
29317,Xã An Phú Tân,COMMUNE,86,2980
29335,Xã Tam Ngãi,COMMUNE,86,2981
29371,Xã Tân Hòa,COMMUNE,86,2982
29362,Xã Hùng Hòa,COMMUNE,86,2983
29341,Xã Tiểu Cần,COMMUNE,86,2984
29365,Xã Tập Ngãi,COMMUNE,86,2985
29419,Xã Mỹ Long,COMMUNE,86,2986
29431,Xã Vinh Kim,COMMUNE,86,2987
29416,Xã Cầu Ngang,COMMUNE,86,2988
29446,Xã Nhị Trường,COMMUNE,86,2989
29455,Xã Hiệp Mỹ,COMMUNE,86,2990
29476,Xã Lưu Nghiệp Anh,COMMUNE,86,2991
29491,Xã Đại An,COMMUNE,86,2992
29489,Xã Hàm Giang,COMMUNE,86,2993
29461,Xã Trà Cú,COMMUNE,86,2994
29506,Xã Long Hiệp,COMMUNE,86,2995
29467,Xã Tập Sơn,COMMUNE,86,2996
29512,Phường Duyên Hải,WARD,86,2997
29516,Phường Trường Long Hòa,WARD,86,2998
29518,Xã Long Hữu,COMMUNE,86,2999
29513,Xã Long Thành,COMMUNE,86,3000
29536,Xã Đông Hải,COMMUNE,86,3001
29533,Xã Long Vĩnh,COMMUNE,86,3002
29497,Xã Đôn Châu,COMMUNE,86,3003
29530,Xã Ngũ Lạc,COMMUNE,86,3004
28777,Phường An Hội,WARD,86,3005
28756,Phường Phú Khương,WARD,86,3006
28789,Phường Bến Tre,WARD,86,3007
28783,Phường Sơn Đông,WARD,86,3008
28858,Phường Phú Tân,WARD,86,3009
28810,Xã Phú Túc,COMMUNE,86,3010
28807,Xã Giao Long,COMMUNE,86,3011
28861,Xã Tiên Thủy,COMMUNE,86,3012
28840,Xã Tân Phú,COMMUNE,86,3013
28879,Xã Phú Phụng,COMMUNE,86,3014
28870,Xã Chợ Lách,COMMUNE,86,3015
28894,Xã Vĩnh Thành,COMMUNE,86,3016
28901,Xã Hưng Khánh Trung,COMMUNE,86,3017
28915,Xã Phước Mỹ Trung,COMMUNE,86,3018
28921,Xã Tân Thành Bình,COMMUNE,86,3019
28948,Xã Nhuận Phú Tân,COMMUNE,86,3020
28945,Xã Đồng Khởi,COMMUNE,86,3021
28903,Xã Mỏ Cày,COMMUNE,86,3022
28969,Xã Thành Thới,COMMUNE,86,3023
28957,Xã An Định,COMMUNE,86,3024
28981,Xã Hương Mỹ,COMMUNE,86,3025
29194,Xã Đại Điền,COMMUNE,86,3026
29191,Xã Quới Điền,COMMUNE,86,3027
29182,Xã Thạnh Phú,COMMUNE,86,3028
29224,Xã An Qui,COMMUNE,86,3029
29221,Xã Thạnh Hải,COMMUNE,86,3030
29227,Xã Thạnh Phong,COMMUNE,86,3031
29167,Xã Tân Thủy,COMMUNE,86,3032
29125,Xã Bảo Thạnh,COMMUNE,86,3033
29110,Xã Ba Tri,COMMUNE,86,3034
29137,Xã Tân Xuân,COMMUNE,86,3035
29122,Xã Mỹ Chánh Hòa,COMMUNE,86,3036
29143,Xã An Ngãi Trung,COMMUNE,86,3037
29158,Xã An Hiệp,COMMUNE,86,3038
29044,Xã Hưng Nhượng,COMMUNE,86,3039
28984,Xã Giồng Trôm,COMMUNE,86,3040
29029,Xã Tân Hào,COMMUNE,86,3041
29020,Xã Phước Long,COMMUNE,86,3042
28993,Xã Lương Phú,COMMUNE,86,3043
28996,Xã Châu Hòa,COMMUNE,86,3044
28987,Xã Lương Hòa,COMMUNE,86,3045
29107,Xã Thới Thuận,COMMUNE,86,3046
29104,Xã Thạnh Phước,COMMUNE,86,3047
29050,Xã Bình Đại,COMMUNE,86,3048
29089,Xã Thạnh Trị,COMMUNE,86,3049
29077,Xã Lộc Thuận,COMMUNE,86,3050
29083,Xã Châu Hưng,COMMUNE,86,3051
29062,Xã Phú Thuận,COMMUNE,86,3052
30313,Xã Mỹ Hòa Hưng,COMMUNE,91,3053
30307,Phường Long Xuyên,WARD,91,3054
30292,Phường Bình Đức,WARD,91,3055
30301,Phường Mỹ Thới,WARD,91,3056
30316,Phường Châu Đốc,WARD,91,3057
30325,Phường Vĩnh Tế,WARD,91,3058
30337,Xã An Phú,COMMUNE,91,3059
30367,Xã Vĩnh Hậu,COMMUNE,91,3060
30346,Xã Nhơn Hội,COMMUNE,91,3061
30341,Xã Khánh Bình,COMMUNE,91,3062
30352,Xã Phú Hữu,COMMUNE,91,3063
30388,Xã Tân An,COMMUNE,91,3064
30403,Xã Châu Phong,COMMUNE,91,3065
30385,Xã Vĩnh Xương,COMMUNE,91,3066
30376,Phường Tân Châu,WARD,91,3067
30377,Phường Long Phú,WARD,91,3068
30406,Xã Phú Tân,COMMUNE,91,3069
30436,Xã Phú An,COMMUNE,91,3070
30445,Xã Bình Thạnh Đông,COMMUNE,91,3071
30409,Xã Chợ Vàm,COMMUNE,91,3072
30430,Xã Hòa Lạc,COMMUNE,91,3073
30421,Xã Phú Lâm,COMMUNE,91,3074
30463,Xã Châu Phú,COMMUNE,91,3075
30469,Xã Mỹ Đức,COMMUNE,91,3076
30478,Xã Vĩnh Thạnh Trung,COMMUNE,91,3077
30487,Xã Bình Mỹ,COMMUNE,91,3078
30481,Xã Thạnh Mỹ Tây,COMMUNE,91,3079
30526,Xã An Cư,COMMUNE,91,3080
30538,Xã Núi Cấm,COMMUNE,91,3081
30520,Phường Tịnh Biên,WARD,91,3082
30502,Phường Thới Sơn,WARD,91,3083
30505,Phường Chi Lăng,WARD,91,3084
30547,Xã Ba Chúc,COMMUNE,91,3085
30544,Xã Tri Tôn,COMMUNE,91,3086
30577,Xã Ô Lâm,COMMUNE,91,3087
30580,Xã Cô Tô,COMMUNE,91,3088
30568,Xã Vĩnh Gia,COMMUNE,91,3089
30589,Xã An Châu,COMMUNE,91,3090
30607,Xã Bình Hòa,COMMUNE,91,3091
30595,Xã Cần Đăng,COMMUNE,91,3092
30619,Xã Vĩnh Hanh,COMMUNE,91,3093
30604,Xã Vĩnh An,COMMUNE,91,3094
30628,Xã Chợ Mới,COMMUNE,91,3095
30643,Xã Cù Lao Giêng,COMMUNE,91,3096
30673,Xã Hội An,COMMUNE,91,3097
30631,Xã Long Điền,COMMUNE,91,3098
30658,Xã Nhơn Mỹ,COMMUNE,91,3099
30664,Xã Long Kiến,COMMUNE,91,3100
30682,Xã Thoại Sơn,COMMUNE,91,3101
30688,Xã Óc Eo,COMMUNE,91,3102
30709,Xã Định Mỹ,COMMUNE,91,3103
30685,Xã Phú Hòa,COMMUNE,91,3104
30697,Xã Vĩnh Trạch,COMMUNE,91,3105
30691,Xã Tây Phú,COMMUNE,91,3106
31064,Xã Vĩnh Bình,COMMUNE,91,3107
31069,Xã Vĩnh Thuận,COMMUNE,91,3108
31051,Xã Vĩnh Phong,COMMUNE,91,3109
31012,Xã Vĩnh Hòa,COMMUNE,91,3110
31027,Xã U Minh Thượng,COMMUNE,91,3111
31024,Xã Đông Hòa,COMMUNE,91,3112
31031,Xã Tân Thạnh,COMMUNE,91,3113
31036,Xã Đông Hưng,COMMUNE,91,3114
31018,Xã An Minh,COMMUNE,91,3115
31042,Xã Vân Khánh,COMMUNE,91,3116
30988,Xã Tây Yên,COMMUNE,91,3117
31006,Xã Đông Thái,COMMUNE,91,3118
30985,Xã An Biên,COMMUNE,91,3119
30958,Xã Định Hòa,COMMUNE,91,3120
30952,Xã Gò Quao,COMMUNE,91,3121
30970,Xã Vĩnh Hòa Hưng,COMMUNE,91,3122
30982,Xã Vĩnh Tuy,COMMUNE,91,3123
30904,Xã Giồng Riềng,COMMUNE,91,3124
30910,Xã Thạnh Hưng,COMMUNE,91,3125
30943,Xã Long Thạnh,COMMUNE,91,3126
30934,Xã Hòa Hưng,COMMUNE,91,3127
30928,Xã Ngọc Chúc,COMMUNE,91,3128
30949,Xã Hòa Thuận,COMMUNE,91,3129
30856,Xã Tân Hội,COMMUNE,91,3130
30850,Xã Tân Hiệp,COMMUNE,91,3131
30874,Xã Thạnh Đông,COMMUNE,91,3132
30886,Xã Thạnh Lộc,COMMUNE,91,3133
30880,Xã Châu Thành,COMMUNE,91,3134
30898,Xã Bình An,COMMUNE,91,3135
30817,Xã Hòn Đất,COMMUNE,91,3136
30835,Xã Sơn Kiên,COMMUNE,91,3137
30838,Xã Mỹ Thuận,COMMUNE,91,3138
30823,Xã Bình Sơn,COMMUNE,91,3139
30826,Xã Bình Giang,COMMUNE,91,3140
30796,Xã Giang Thành,COMMUNE,91,3141
30793,Xã Vĩnh Điều,COMMUNE,91,3142
30790,Xã Hòa Điền,COMMUNE,91,3143
30787,Xã Kiên Lương,COMMUNE,91,3144
30811,Xã Sơn Hải,COMMUNE,91,3145
30814,Xã Hòn Nghệ,COMMUNE,91,3146
31108,Đặc khu Kiên Hải,SPECIAL_ZONE,91,3147
30760,Phường Vĩnh Thông,WARD,91,3148
30742,Phường Rạch Giá,WARD,91,3149
30769,Phường Hà Tiên,WARD,91,3150
30766,Phường Tô Châu,WARD,91,3151
30781,Xã Tiên Hải,COMMUNE,91,3152
31078,Đặc khu Phú Quốc,SPECIAL_ZONE,91,3153
31105,Đặc khu Thổ Châu,SPECIAL_ZONE,91,3154
31135,Phường Ninh Kiều,WARD,92,3155
31120,Phường Cái Khế,WARD,92,3156
31147,Phường Tân An,WARD,92,3157
31150,Phường An Bình,WARD,92,3158
31174,Phường Thới An Đông,WARD,92,3159
31168,Phường Bình Thủy,WARD,92,3160
31183,Phường Long Tuyền,WARD,92,3161
31186,Phường Cái Răng,WARD,92,3162
31201,Phường Hưng Phú,WARD,92,3163
31153,Phường Ô Môn,WARD,92,3164
31157,Phường Thới Long,WARD,92,3165
31162,Phường Phước Thới,WARD,92,3166
31217,Phường Trung Nhứt,WARD,92,3167
31212,Phường Thốt Nốt,WARD,92,3168
31207,Phường Thuận Hưng,WARD,92,3169
31213,Phường Tân Lộc,WARD,92,3170
31299,Xã Phong Điền,COMMUNE,92,3171
31315,Xã Nhơn Ái,COMMUNE,92,3172
31309,Xã Trường Long,COMMUNE,92,3173
31258,Xã Thới Lai,COMMUNE,92,3174
31282,Xã Đông Thuận,COMMUNE,92,3175
31294,Xã Trường Xuân,COMMUNE,92,3176
31288,Xã Trường Thành,COMMUNE,92,3177
31261,Xã Cờ Đỏ,COMMUNE,92,3178
31273,Xã Đông Hiệp,COMMUNE,92,3179
31249,Xã Thạnh Phú,COMMUNE,92,3180
31264,Xã Thới Hưng,COMMUNE,92,3181
31255,Xã Trung Hưng,COMMUNE,92,3182
31232,Xã Vĩnh Thạnh,COMMUNE,92,3183
31237,Xã Vĩnh Trinh,COMMUNE,92,3184
31231,Xã Thạnh An,COMMUNE,92,3185
31246,Xã Thạnh Quới,COMMUNE,92,3186
31338,Xã Hỏa Lựu,COMMUNE,92,3187
31321,Phường Vị Thanh,WARD,92,3188
31333,Phường Vị Tân,WARD,92,3189
31441,Xã Vị Thủy,COMMUNE,92,3190
31453,Xã Vĩnh Thuận Đông,COMMUNE,92,3191
31465,Xã Vị Thanh 1,COMMUNE,92,3192
31459,Xã Vĩnh Tường,COMMUNE,92,3193
31489,Xã Vĩnh Viễn,COMMUNE,92,3194
31495,Xã Xà Phiên,COMMUNE,92,3195
31492,Xã Lương Tâm,COMMUNE,92,3196
31473,Phường Long Bình,WARD,92,3197
31471,Phường Long Mỹ,WARD,92,3198
31480,Phường Long Phú 1,WARD,92,3199
31360,Xã Thạnh Xuân,COMMUNE,92,3200
31342,Xã Tân Hòa,COMMUNE,92,3201
31348,Xã Trường Long Tây,COMMUNE,92,3202
31366,Xã Châu Thành,COMMUNE,92,3203
31369,Xã Đông Phước,COMMUNE,92,3204
31378,Xã  Phú Hữu,COMMUNE,92,3205
31411,Phường Đại Thành,WARD,92,3206
31340,Phường Ngã Bảy,WARD,92,3207
31399,Xã Tân Bình,COMMUNE,92,3208
31393,Xã Hòa An,COMMUNE,92,3209
31426,Xã Phương Bình,COMMUNE,92,3210
31432,Xã Tân Phước Hưng,COMMUNE,92,3211
31396,Xã Hiệp Hưng,COMMUNE,92,3212
31420,Xã Phụng Hiệp,COMMUNE,92,3213
31408,Xã Thạnh Hòa,COMMUNE,92,3214
31510,Phường Phú Lợi,WARD,92,3215
31507,Phường Sóc Trăng,WARD,92,3216
31684,Phường Mỹ Xuyên,WARD,92,3217
31717,Xã Hòa Tú,COMMUNE,92,3218
31726,Xã Gia Hòa,COMMUNE,92,3219
31708,Xã Nhu Gia,COMMUNE,92,3220
31723,Xã Ngọc Tố,COMMUNE,92,3221
31654,Xã Trường Khánh,COMMUNE,92,3222
31645,Xã Đại Ngãi,COMMUNE,92,3223
31666,Xã Tân Thạnh,COMMUNE,92,3224
31639,Xã Long Phú,COMMUNE,92,3225
31552,Xã Nhơn Mỹ,COMMUNE,92,3226
31537,Xã Phong Nẫm,COMMUNE,92,3227
31531,Xã An Lạc Thôn,COMMUNE,92,3228
31528,Xã Kế Sách,COMMUNE,92,3229
31540,Xã Thới An Hội,COMMUNE,92,3230
31561,Xã  Đại Hải,COMMUNE,92,3231
31569,Xã Phú Tâm,COMMUNE,92,3232
31594,Xã An Ninh,COMMUNE,92,3233
31582,Xã Thuận Hòa,COMMUNE,92,3234
31570,Xã Hồ Đắc Kiện,COMMUNE,92,3235
31567,Xã Mỹ Tú,COMMUNE,92,3236
31579,Xã Long Hưng,COMMUNE,92,3237
31603,Xã Mỹ Phước,COMMUNE,92,3238
31591,Xã Mỹ Hương,COMMUNE,92,3239
31795,Xã Vĩnh Hải,COMMUNE,92,3240
31810,Xã Lai Hòa,COMMUNE,92,3241
31804,Phường Vĩnh Phước,WARD,92,3242
31783,Phường Vĩnh Châu,WARD,92,3243
31789,Phường Khánh Hòa,WARD,92,3244
31741,Xã Tân Long,COMMUNE,92,3245
31732,Phường Ngã Năm,WARD,92,3246
31753,Phường Mỹ Quới,WARD,92,3247
31756,Xã Phú Lộc,COMMUNE,92,3248
31777,Xã Vĩnh Lợi,COMMUNE,92,3249
31759,Xã Lâm Tân,COMMUNE,92,3250
31699,Xã Thạnh Thới An,COMMUNE,92,3251
31687,Xã Tài Văn,COMMUNE,92,3252
31675,Xã Liêu Tú,COMMUNE,92,3253
31679,Xã Lịch Hội Thượng,COMMUNE,92,3254
31673,Xã Trần Đề,COMMUNE,92,3255
31615,Xã An Thạnh,COMMUNE,92,3256
31633,Xã Cù Lao Dung,COMMUNE,92,3257
32002,Phường An Xuyên,WARD,96,3258
32014,Phường Lý Văn Lâm,WARD,96,3259
32025,Phường Tân Thành,WARD,96,3260
32041,Phường Hòa Thành,WARD,96,3261
32167,Xã Tân Thuận,COMMUNE,96,3262
32188,Xã Tân Tiến,COMMUNE,96,3263
32155,Xã Tạ An Khương,COMMUNE,96,3264
32161,Xã Trần Phán,COMMUNE,96,3265
32185,Xã Thanh Tùng,COMMUNE,96,3266
32152,Xã Đầm Dơi,COMMUNE,96,3267
32182,Xã Quách Phẩm,COMMUNE,96,3268
32047,Xã U Minh,COMMUNE,96,3269
32044,Xã Nguyễn Phích,COMMUNE,96,3270
32062,Xã Khánh Lâm,COMMUNE,96,3271
32059,Xã Khánh An,COMMUNE,96,3272
32244,Xã Phan Ngọc Hiển,COMMUNE,96,3273
32248,Xã Đất Mũi,COMMUNE,96,3274
32236,Xã Tân Ân,COMMUNE,96,3275
32110,Xã Khánh Bình,COMMUNE,96,3276
32104,Xã Đá Bạc,COMMUNE,96,3277
32119,Xã Khánh Hưng,COMMUNE,96,3278
32098,Xã Sông Đốc,COMMUNE,96,3279
32095,Xã Trần Văn Thời,COMMUNE,96,3280
32065,Xã Thới Bình,COMMUNE,96,3281
32071,Xã Trí Phải,COMMUNE,96,3282
32083,Xã Tân Lộc,COMMUNE,96,3283
32092,Xã Hồ Thị Kỷ,COMMUNE,96,3284
32069,Xã Biển Bạch,COMMUNE,96,3285
32201,Xã Đất Mới,COMMUNE,96,3286
32191,Xã Năm Căn,COMMUNE,96,3287
32206,Xã Tam Giang,COMMUNE,96,3288
32212,Xã Cái Đôi Vàm,COMMUNE,96,3289
32227,Xã Nguyễn Việt Khái,COMMUNE,96,3290
32218,Xã Phú Tân,COMMUNE,96,3291
32214,Xã Phú Mỹ,COMMUNE,96,3292
32134,Xã Lương Thế Trân,COMMUNE,96,3293
32137,Xã Tân Hưng,COMMUNE,96,3294
32140,Xã Hưng Mỹ,COMMUNE,96,3295
32128,Xã Cái Nước,COMMUNE,96,3296
31825,Phường Bạc Liêu,WARD,96,3297
31834,Phường Vĩnh Trạch,WARD,96,3298
31840,Phường Hiệp Thành,WARD,96,3299
31942,Phường Giá Rai,WARD,96,3300
31951,Phường Láng Tròn,WARD,96,3301
31957,Xã Phong Thạnh,COMMUNE,96,3302
31843,Xã Hồng Dân,COMMUNE,96,3303
31858,Xã Vĩnh Lộc,COMMUNE,96,3304
31864,Xã Ninh Thạnh Lợi,COMMUNE,96,3305
31849,Xã Ninh Quới,COMMUNE,96,3306
31972,Xã Gành Hào,COMMUNE,96,3307
31993,Xã Định Thành,COMMUNE,96,3308
31988,Xã An Trạch,COMMUNE,96,3309
31985,Xã Long Điền,COMMUNE,96,3310
31975,Xã Đông Hải,COMMUNE,96,3311
31891,Xã Hòa Bình,COMMUNE,96,3312
31918,Xã Vĩnh Mỹ,COMMUNE,96,3313
31927,Xã Vĩnh Hậu,COMMUNE,96,3314
31867,Xã Phước Long,COMMUNE,96,3315
31876,Xã Vĩnh Phước,COMMUNE,96,3316
31885,Xã Phong Hiệp,COMMUNE,96,3317
31882,Xã Vĩnh Thanh,COMMUNE,96,3318
31900,Xã Vĩnh Lợi,COMMUNE,96,3319
31906,Xã Hưng Hội,COMMUNE,96,3320
31894,Xã Châu Thới,COMMUNE,96,3321
